entry_id	canonical_headword	redirect_entry_id
U+5FA6_00	徦	
U+AC00_U+C57C_00	가야	
U+AC00_U+C57C_U+B610_U+B514_00	가야또디	
U+AC08_00	갈	
U+AC10_00	감	
U+4F6E_00	佮	
U+ACE0_U+BE44_00	고비	
U+ACFB_00	곻	
U+AF48_00	꽈	
U+2019_U+AF48_00	’꽈	
U+AF4C_00	꽌	
U+AFBC_00	꾼	
U+B098_00	나	
U+B331_00	댱	
U+B38B_00	뎋	
U+B3C4_U+C704_00	도위	
U+2019_U+B434_00	’됴	
U+2019_U+B44F_00	’둏	
U+B610_U+B514_00	또디	
U+B780_00	란	
U+2019_U+B798_00	’래	
U+2019_U+1105_U+11A4_00	’ᄅᆤ	
U+B801_00	렁	
U+B990_00	릐	
U+2019_U+B990_00	’릐	
U+B990_U+D638_00	릐호	
U+B9B0_00	린	
U+B9E4_00	매	
U+B9E4_U+B85C_00	매로	
U+BA54_U+B07C_00	메끼	
U+BE7C_00	빼	
U+BED0_00	뻐	
U+2019_U+BF40_00	’뽀	
U+BF40_00	뽀	
U+BF94_00	뾔	
U+BF94_U+B2F9_00	뾔당	
U+C0F9_00	샹	
U+C26C_00	쉬	
U+C2DC_00	시	
U+C544_00	아	
U+C548_U+B124_00	안네	
U+C548_U+B2C8_00	안니	
U+C560_00	애	
U+2019_U+C5D0_00	’에	
U+C5D0_U+B2F9_00	에당	
U+C74C_U+C2DC_00	음시	
U+2019_U+C774_00	’이	
U+C774_00	이	
U+C778_00	인	
U+C790_U+BED0_00	자뻐	
U+C7C8_00	쟈	
U+C7E3_00	쟣	
U+C7E3_U+B2C8_00	쟣니	
U+C81C_00	제	
U+C9C7_00	짇	
U+CC7B_U+CC7B_00	챻챻	
U+CE5C_U+CC44_00	친채	
U+CE5F_U+D1A0_00	칟토	
U+CE8F_00	캏	
U+2019_U+D088_00	’킈	
U+D590_00	햐	
U+D5AB_00	햫	
U+D5AB_U+B2C8_00	햫니	
U+D5C8_00	허	
U+D5E4_00	헤	
U+D78F_00	힏	
U+52A0_00	加	
U+5BB6_00	家	
U+9278_00	鉸	
U+5230_00	到	
U+6559_00	教	
U+54AC_00	咬	
U+5BB6_U+5DF1_00	家己	
U+5609_U+7FA9_00	嘉義	
U+52A0_U+6771_00	加東	
U+9278_U+5200_00	鉸刀	
U+54B3_U+55FD_00	咳嗽	
U+99D5_U+99DB_00	駕駛	
U+867C_U+86BB_00	虼蚻	
U+9278_U+982D_U+6BDB_00	鉸頭毛	
U+89BA_00	覺	
U+89D2_00	角	
U+89BA_U+5F97_00	覺得	
U+89BA_U+9192_00	覺醒	
U+8271_00	艱	
U+9593_00	間	
U+7C21_U+55AE_00	簡單	
U+8271_U+82E6_00	艱苦	
U+6562_00	敢	
U+7518_00	甘	
U+611F_00	感	
U+542B_00	含	
U+611F_U+89BA_00	感覺	
U+7518_U+9858_00	甘願	
U+611F_U+8B1D_00	感謝	
U+611F_U+53D7_00	感受	
U+611F_U+60C5_00	感情	
U+5DE5_00	工	
U+6E2F_00	港	
U+8B1B_00	講	
U+4EDD_00	仝	
U+6E2F_U+5898_00	港墘	
U+6C5F_U+5C71_U+6613_U+6539_00	江山易改	
U+6E2F_U+7063_00	港灣	
U+4EDD_U+6B3E_00	仝款	
U+84CB_00	蓋	
U+4F6E_U+610F_00	佮意	
U+80DB_U+810A_00	胛脊	
U+4E5D_00	九	
U+72D7_00	狗	
U+5230_01	到	
U+5920_00	夠	
U+6559_01	教	
U+7334_00	猴	
U+539A_00	厚	
U+5230_U+4ECA_00	到今	
U+4EA4_U+4EE3_00	交代	
U+6559_U+5802_00	教堂	
U+4E5D_U+767E_00	九百	
U+4EA4_U+966A_00	交陪	
U+5230_U+5C3E_U+4ED4_00	到尾仔	
U+72D7_U+5C4E_00	狗屎	
U+6559_U+80B2_00	教育	
U+6559_U+80B2_U+90E8_00	教育部	
U+539A_U+8A71_00	厚話	
U+4E5D_U+5341_00	九十	
U+72E1_U+5236_00	狡制	
U+4EA4_U+901A_00	交通	
U+86BC_U+87FB_00	蚼蟻	
U+6539_00	改	
U+84CB_01	蓋	
U+6539_U+8B8A_00	改變	
U+4ECB_U+7D39_00	介紹	
U+89E3_U+8AAA_00	解說	
U+5BC4_00	寄	
U+4EAC_00	京	
U+9A5A_00	驚	
U+56DD_00	囝	
U+884C_00	行	
U+4EF6_00	件	
U+9A5A_U+9A5A_00	驚驚	
U+884C_U+8E0F_00	行踏	
U+56DD_U+5152_00	囝兒	
U+9A5A_U+4EBA_00	驚人	
U+9A5A_U+4EBA_U+5077_00	驚人偷	
U+56DD_U+5B6B_00	囝孫	
U+9A5A_U+60F6_00	驚惶	
U+517C_00	兼	
U+6E1B_00	減	
U+9E79_00	鹹	
U+9E79_U+9165_U+96DE_00	鹹酥雞	
U+9E79_U+9178_U+82E6_U+6F80_00	鹹酸苦澀	
U+8B19_U+865B_00	謙虛	
U+52AB_00	劫	
U+5B64_00	孤	
U+6545_00	故	
U+9867_00	顧	
U+7CCA_00	糊	
U+5B64_U+5B64_U+55AE_U+55AE_00	孤孤單單	
U+5B64_U+55AE_00	孤單	
U+9867_U+4EBA_U+6028_00	顧人怨	
U+6545_U+4E8B_00	故事	
U+5B64_U+8EAB_00	孤身	
U+6545_U+610F_00	故意	
U+53E4_U+65E9_00	古早	
U+53E4_U+9310_00	古錐	
U+6545_U+9109_00	故鄉	
U+5404_00	各	
U+570B_00	國	
U+570B_U+5BB6_00	國家	
U+5404_U+4EBA_00	各人	
U+570B_U+7ACB_00	國立	
U+570B_U+59D3_U+723A_00	國姓爺	
U+570B_U+969B_00	國際	
U+570B_U+969B_U+6A5F_U+5834_00	國際機場	
U+570B_U+7236_00	國父	
U+5149_00	光	
U+516C_00	公	
U+8B1B_01	講	
U+529F_U+5FB7_00	功德	
U+516C_U+91CC_00	公里	
U+516C_U+5ABD_00	公媽	
U+5149_U+660E_00	光明	
U+516C_U+53F8_00	公司	
U+8B1B_U+8A71_00	講話	
U+5149_U+9670_00	光陰	
U+516C_U+4E3B_00	公主	
U+8B1B_U+6CD5_00	講法	
U+5EE3_U+5E9C_00	廣府	
U+5EE3_U+5E9C_U+4EBA_00	廣府人	
U+5EE3_U+5E9C_U+8A71_00	廣府話	
U+516C_U+5712_00	公園	
U+52A0_01	加	
U+5BB6_01	家	
U+5047_00	假	
U+5AC1_00	嫁	
U+4F4E_00	低	
U+8A08_U+8F03_00	計較	
U+5BB6_U+5A46_00	家婆	
U+7E7C_U+7E8C_00	繼續	
U+5BB6_U+5F8C_00	家後	
U+5BB6_U+8CC4_00	家賄	
U+5287_00	劇	
U+5287_U+60C5_00	劇情	
U+5F37_00	強	
U+5171_00	共	
U+62F1_U+624B_00	拱手	
U+62F1_U+8D77_U+624B_00	拱起手	
U+6FC0_00	激	
U+6FC0_U+6150_U+6150_00	激慐慐	
U+5EFA_00	建	
U+5065_00	健	
U+5805_U+5F37_00	堅強	
U+5805_U+5B9A_00	堅定	
U+5805_U+6301_00	堅持	
U+5065_U+5EB7_00	健康	
U+5091_00	傑	
U+6770_00	杰	
U+7D50_U+5C40_00	結局	
U+7D50_U+679C_00	結果	
U+7D50_U+5A5A_00	結婚	
U+7D93_00	經	
U+5883_00	境	
U+63C0_00	揀	
U+632D_00	挭	
U+66F4_U+52A0_00	更加	
U+7D93_U+904E_00	經過	
U+7D93_U+6B77_00	經歷	
U+666F_U+8272_00	景色	
U+7D93_U+6FDF_00	經濟	
U+9AD8_00	高	
U+500B_00	個	
U+904E_00	過	
U+9AD8_U+4E2D_00	高中	
U+679C_U+7136_00	果然	
U+ACE0_U+BE44_U+5E97_00	고비店	
U+544A_U+8FAD_00	告辭	
U+9AD8_U+9435_00	高鐵	
U+9AD8_U+96C4_00	高雄	
U+6B4C_00	歌	
U+5BE1_00	寡	
U+6B4C_U+58C7_00	歌壇	
U+6B4C_U+8FF7_00	歌迷	
U+639B_U+610F_00	掛意	
U+6B4C_U+5531_00	歌唱	
U+95DC_00	關	
U+7BA1_00	管	
U+9928_00	館	
U+89C0_U+4E16_U+97F3_00	觀世音	
U+95DC_U+4FC2_00	關係	
U+6C7A_U+5B9A_00	決定	
U+809D_00	肝	
U+5BD2_00	寒	
U+6C57_00	汗	
U+8D95_U+7DCA_00	趕緊	
U+83C5_U+8292_00	菅芒	
U+5BD2_U+5929_00	寒天	
U+4E56_00	乖	
U+602A_00	怪	
U+4E56_U+56DD_00	乖囝	
U+61F8_00	懸	
U+7E23_00	縣	
U+8857_00	街	
U+96DE_00	雞	
U+96DE_U+5375_00	雞卵	
U+8857_U+8DEF_00	街路	
U+96DE_U+8089_00	雞肉	
U+8857_U+5E02_00	街市	
U+53EB_00	叫	
U+9F9C_00	龜	
U+4E45_00	久	
U+8205_00	舅	
U+820A_U+5E74_00	舊年	
U+4E45_U+9577_00	久長	
U+820A_U+65E9_00	舊早	
U+541B_00	君	
U+541B_U+738B_00	君王	
U+541B_U+5B50_00	君子	
U+6398_00	掘	
U+9AA8_00	骨	
U+5014_U+5F37_00	倔強	
U+7CBF_00	粿	
U+904E_01	過	
U+904E_U+766E_00	過癮	
U+7CBF_U+689D_00	粿條	
U+904E_U+7A0B_00	過程	
U+679C_U+5B50_00	果子	
U+904E_U+5BA2_00	過客	
U+904E_U+53BB_00	過去	
U+6B78_00	歸	
U+898F_00	規	
U+5E7E_00	幾	
U+9B3C_00	鬼	
U+8CB4_00	貴	
U+898F_U+5DE5_00	規工	
U+5E7E_U+82E5_U+64FA_00	幾若擺	
U+898F_U+5F8B_00	規律	
U+898F_U+669D_00	規暝	
U+6B78_U+5C6C_00	歸屬	
U+6B78_U+5BBF_00	歸宿	
U+898F_U+4E2A_00	規个	
U+95DC_01	關	
U+6C42_00	求	
U+4E45_U+4EF0_00	久仰	
U+6C42_U+795E_00	求神	
U+8591_00	薑	
U+5149_01	光	
U+625B_00	扛	
U+5EE3_U+6771_00	廣東	
U+5EE3_U+6771_U+4EBA_00	廣東人	
U+5EE3_U+6771_U+8A71_00	廣東話	
U+5149_U+6620_U+6620_00	光映映	
U+652F_00	支	
U+6A5F_00	機	
U+8A18_00	記	
U+5176_00	其	
U+65D7_00	旗	
U+7948_U+6C42_00	祈求	
U+6A5F_U+5834_00	機場	
U+8A18_U+6301_00	記持	
U+8A18_U+5F97_00	記得	
U+7D00_U+5FF5_00	紀念	
U+7D00_U+5FF5_U+9928_00	紀念館	
U+5176_U+5BE6_00	其實	
U+6A5F_U+8ECA_00	機車	
U+5176_U+4ED6_00	其他	
U+671F_U+5F85_00	期待	
U+6A5F_U+6703_00	機會	
U+4ECA_00	今	
U+7DCA_00	緊	
U+4ECA_U+5E74_00	今年	
U+4ECA_U+65E5_00	今日	
U+4ECA_U+669D_00	今暝	
U+4ECA_U+4ED4_U+65E5_00	今仔日	
U+4ECA_U+591C_00	今夜	
U+898B_00	見	
U+898B_U+9762_00	見面	
U+9E7C_U+7CBD_00	鹼粽	
U+91D1_00	金	
U+5997_00	妗	
U+91D1_U+91D1_00	金金	
U+91D1_U+9580_00	金門	
U+4ECA_U+751F_00	今生	
U+4ECA_U+751F_U+4ECA_U+4E16_00	今生今世	
U+6A02_00	樂	
U+773C_00	眼	
U+773C_U+795E_00	眼神	
U+773C_U+524D_00	眼前	
U+592F_U+67B7_00	夯枷	
U+6511_00	攑	
U+6511_U+982D_00	攑頭	
U+4E94_00	五	
U+4E94_U+9EDE_U+534A_00	五點半	
U+4E94_U+767E_00	五百	
U+4E94_U+5341_00	五十	
U+6150_00	慐	
U+6150_U+56DD_00	慐囝	
U+6150_U+6150_00	慐慐	
U+6150_U+4EBA_00	慐人	
U+6150_U+795E_00	慐神	
U+7259_00	牙	
U+85DD_00	藝	
U+85DD_U+8853_00	藝術	
U+7344_U+57CE_00	獄城	
U+8AFA_00	諺	
U+8AFA_U+6587_00	諺文	
U+766E_U+982D_00	癮頭	
U+5B7D_U+93E1_U+53F0_00	孽鏡台	
U+5B7D_U+7DE3_00	孽緣	
U+51DD_U+5FC3_00	凝心	
U+9D5D_00	鵝	
U+9D5D_U+8089_00	鵝肉	
U+5916_00	外	
U+5916_U+9762_00	外面	
U+5916_U+53E3_00	外口	
U+9858_00	願	
U+539F_U+4F86_00	原來	
U+539F_U+8AD2_00	原諒	
U+9858_U+671B_00	願望	
U+6708_U+53F0_00	月台	
U+6708_U+8001_00	月老	
U+8A9E_00	語	
U+725B_00	牛	
U+8A9E_U+8A00_00	語言	
U+725B_U+5976_00	牛奶	
U+725B_U+4E3C_00	牛丼	
U+725B_U+5976_01	牛奶	
U+725B_U+8089_00	牛肉	
U+725B_U+8ECA_U+6C34_00	牛車水	
U+9280_00	銀	
U+6708_00	月	
U+6708_U+5A18_00	月娘	
U+6708_U+9905_00	月餅	
U+6708_U+5713_00	月圓	
U+9280_01	銀	
U+7591_00	疑	
U+7FA9_00	義	
U+5B9C_U+862D_00	宜蘭	
U+8B70_U+8AD6_00	議論	
U+7FA9_U+9806_00	義順	
U+54EA_00	哪	
U+903D_00	逽	
U+82E5_00	若	
U+54EA_U+88E1_00	哪裡	
U+5357_U+7121_00	南無	
U+56A8_U+5589_00	嚨喉	
U+82E5_U+6E96_00	若準	
U+5948_00	奈	
U+8354_U+93E1_U+8A18_00	荔鏡記	
U+5948_U+4F55_00	奈何	
U+5A18_00	娘	
U+8C93_00	貓	
U+9CE5_U+9F20_00	鳥鼠	
U+721B_00	爛	
U+5A18_01	娘	
U+8B93_00	讓	
U+5A18_U+5A18_00	娘娘	
U+8EDF_00	軟	
U+5169_00	兩	
U+5375_00	卵	
U+5169_U+89D2_00	兩角	
U+5169_U+500B_U+6708_00	兩個月	
U+5375_U+4EC1_00	卵仁	
U+5169_U+65E5_00	兩日	
U+5169_U+4EBA_00	兩人	
U+5169_U+767E_U+7B8D_00	兩百箍	
U+5169_U+842C_U+7B8D_00	兩萬箍	
U+5169_U+4E2A_00	兩个	
U+8EDF_U+4B55_00	軟䭕	
U+5169_U+5343_U+7B8D_00	兩千箍	
U+5976_00	奶	
U+62C8_00	拈	
U+5E74_00	年	
U+7126_00	焦	
U+7126_U+CEE5_U+CEE5_00	焦컥컥	
U+9010_00	逐	
U+9010_U+5DE5_00	逐工	
U+9010_U+5BB6_00	逐家	
U+89F8_U+7E8F_00	觸纏	
U+9010_U+65E5_00	逐日	
U+89F8_U+820C_00	觸舌	
U+7B49_00	等	
U+64F2_00	擲	
U+9673_00	陳	
U+4F46_00	但	
U+4F46_U+9858_00	但願	
U+7B49_U+5F85_00	等待	
U+9054_00	達	
U+64D4_00	擔	
U+6253_00	打	
U+81BD_00	膽	
U+6253_U+626E_00	打扮	
U+4ECA_U+4ED4_00	今仔	
U+6FB9_00	澹	
U+8AC7_00	談	
U+6DE1_00	淡	
U+6FB9_U+7CCA_U+7CCA_00	澹糊糊	
U+803D_U+8AA4_00	耽誤	
U+6DE1_U+6C34_00	淡水	
U+6DE1_U+6C34_U+6CB3_00	淡水河	
U+81BD_U+5BD2_00	膽寒	
U+51AC_00	冬	
U+6771_00	東	
U+7576_00	當	
U+51CD_00	凍	
U+7576_01	當	
U+52D5_00	動	
U+91CD_00	重	
U+6771_U+4EAC_00	東京	
U+6771_U+5357_00	東南	
U+6771_U+5357_U+897F_U+5317_00	東南西北	
U+6771_U+5357_U+4E9E_00	東南亞	
U+6771_U+5BE7_00	東寧	
U+6771_U+5BE7_U+97F3_00	東寧音	
U+6771_U+897F_U+5357_U+5317_00	東西南北	
U+7576_U+6642_00	當時	
U+6771_U+4E9E_00	東亞	
U+540C_U+5B78_00	同學	
U+540C_U+5B89_00	同安	
U+540C_U+9F4A_00	同齊	
U+8E0F_00	踏	
U+7B54_U+61C9_00	答應	
U+515C_00	兜	
U+9B25_00	鬥	
U+6295_00	投	
U+8C46_00	豆	
U+5230_U+5E95_00	到底	
U+9B25_U+9663_00	鬥陣	
U+8C46_U+7CBD_00	豆粽	
U+8C46_U+8150_00	豆腐	
U+8C46_U+82B1_00	豆花	
U+8C46_U+82B1_U+6C34_00	豆花水	
U+6C93_U+6C93_U+4ED4_00	沓沓仔	
U+5446_00	呆	
U+4EE3_00	代	
U+5E36_00	帶	
U+53F0_U+4E2D_00	台中	
U+5927_U+4EBA_00	大人	
U+53F0_U+5357_00	台南	
U+53F0_U+5317_00	台北	
U+53F0_U+5317_U+8ECA_U+7AD9_00	台北車站	
U+53F0_U+5317_U+8ECA_U+982D_00	台北車頭	
U+53F0_U+5317_U+5E02_00	台北市	
U+53F0_U+5317_U+5E02_U+653F_U+5E9C_00	台北市政府	
U+4EE3_U+8868_00	代表	
U+53F0_U+7063_00	台灣	
U+53F0_U+7063_U+4EBA_00	台灣人	
U+53F0_U+7063_U+8A71_00	台灣話	
U+4EE3_U+8A8C_00	代誌	
U+5927_U+9435_U+570D_U+5C71_00	大鐵圍山	
U+9F0E_00	鼎	
U+5B9A_00	定	
U+5B9A_U+5B9A_00	定定	
U+5B9A_U+8457_00	定著	
U+9EDE_00	點	
U+8E2E_00	踮	
U+5E97_00	店	
U+606C_00	恬	
U+606C_U+606C_00	恬恬	
U+9EDE_U+9EDE_U+6EF4_U+6EF4_00	點點滴滴	
U+9EDE_U+9418_00	點鐘	
U+606C_U+975C_00	恬靜	
U+689D_00	條	
U+7262_00	牢	
U+689D_U+4EF6_00	條件	
U+7262_U+7262_00	牢牢	
U+671D_U+9BAE_00	朝鮮	
U+90FD_00	都	
U+8CED_00	賭	
U+90FD_01	都	
U+5EA6_U+904E_00	度過	
U+90FD_U+5E02_00	都市	
U+8CED_U+6C23_00	賭氣	
U+6BD2_00	毒	
U+7368_U+591C_00	獨夜	
U+6BD2_U+6DB2_00	毒液	
U+4E3C_00	丼	
U+6771_01	東	
U+7576_02	當	
U+68DF_00	棟	
U+7576_03	當	
U+64CB_U+606C_00	擋恬	
U+7576_U+7136_00	當然	
U+7576_U+9078_00	當選	
U+7576_U+6642_01	當時	
U+9EE8_U+54E1_00	黨員	
U+7576_U+505A_00	當做	
U+7576_U+521D_00	當初	
U+7576_U+958B_00	當開	
U+6771_U+65B9_00	東方	
U+77ED_00	短	
U+8336_00	茶	
U+5730_00	地	
U+7B2C_00	第	
U+5730_U+7344_00	地獄	
U+77ED_U+77ED_00	短短	
U+7B2C_U+4E8C_00	第二	
U+7B2C_U+4E09_00	第三	
U+7B2C_U+4E00_00	第一	
U+7B2C_U+4E00_U+7B49_00	第一等	
U+7B2C_U+4E00_U+540D_00	第一名	
U+5E95_U+8932_00	底褲	
U+5730_U+4E0B_00	地下	
U+9577_U+6CF0_00	長泰	
U+4E2D_00	中	
U+4E2D_U+570B_00	中國	
U+4E2D_U+570B_U+4EBA_00	中國人	
U+4E2D_U+665D_00	中晝	
U+4E2D_U+5C71_00	中山	
U+91CD_U+65B0_00	重新	
U+91CD_U+8981_00	重要	
U+4E2D_U+5B78_00	中學	
U+4E2D_U+592E_00	中央	
U+4E2D_U+79CB_00	中秋	
U+4E2D_U+79CB_U+7BC0_00	中秋節	
U+4E2D_U+83EF_00	中華	
U+5F97_00	得	
U+5FB7_00	德	
U+5FB7_U+570B_00	德國	
U+7530_00	田	
U+96FB_00	電	
U+96FB_U+8166_00	電腦	
U+96FB_U+53F0_00	電台	
U+96FB_U+52D5_00	電動	
U+96FB_U+8996_00	電視	
U+96FB_U+8996_U+6A5F_00	電視機	
U+96FB_U+5F71_00	電影	
U+96FB_U+8A71_00	電話	
U+96FB_U+98A8_00	電風	
U+96FB_U+706B_00	電火	
U+71C8_00	燈	
U+7B49_01	等	
U+9802_00	頂	
U+5B9A_01	定	
U+9802_U+61F8_00	頂懸	
U+71C8_U+5149_00	燈光	
U+9802_U+79AE_U+62DC_00	頂禮拜	
U+9802_U+4E16_00	頂世	
U+9802_U+4E16_U+4EBA_00	頂世人	
U+71C8_U+4E0B_00	燈下	
U+9802_U+771F_00	頂真	
U+71C8_U+706B_00	燈火	
U+5200_00	刀	
U+591A_00	多	
U+5E95_00	底	
U+5012_00	倒	
U+9053_00	道	
U+9053_U+5FB7_00	道德	
U+5012_U+8F49_00	倒轉	
U+5E95_U+843D_00	底落	
U+9053_U+7406_00	道理	
U+591A_U+8B1D_00	多謝	
U+5E95_U+4F4D_00	底位	
U+591A_U+60C5_00	多情	
U+5012_U+624B_00	倒手	
U+684C_00	桌	
U+8E5B_00	蹛	
U+5927_00	大	
U+5927_U+8857_U+5C0F_U+5DF7_00	大街小巷	
U+5927_U+689D_00	大條	
U+5927_U+5927_00	大大	
U+5927_U+5806_00	大堆	
U+5927_U+4EBA_01	大人	
U+5927_U+5DF4_U+7AAF_00	大巴窯	
U+5927_U+8072_00	大聲	
U+5927_U+7D30_U+8072_00	大細聲	
U+5927_U+5B78_00	大學	
U+5927_U+6B09_00	大欉	
U+5927_U+539D_00	大厝	
U+5927_U+817F_00	大腿	
U+5927_U+6F22_00	大漢	
U+5927_U+6D77_00	大海	
U+5927_U+96E8_00	大雨	
U+50B3_U+8AAA_00	傳說	
U+55AE_00	單	
U+5F48_00	彈	
U+6BB5_00	段	
U+5F48_U+7434_00	彈琴	
U+5E95_01	底	
U+984C_00	題	
U+5730_01	地	
U+6F6E_U+6C55_U+8A71_00	潮汕話	
U+6F6E_U+5DDE_00	潮州	
U+6F6E_U+5DDE_U+8A71_00	潮州話	
U+8457_00	著	
U+8457_U+75E7_00	著痧	
U+62C4_00	拄	
U+6AE5_00	櫥	
U+7DB4_00	綴	
U+7DB4_U+4EBA_U+8D70_00	綴人走	
U+8FFD_00	追	
U+5C0D_00	對	
U+589C_U+843D_00	墜落	
U+5C0D_U+9762_00	對面	
U+7A3B_U+8349_00	稻草	
U+7A3B_U+8349_U+4EBA_00	稻草人	
U+5F35_00	張	
U+9577_U+6CF0_01	長泰	
U+7576_04	當	
U+8F49_00	轉	
U+7576_05	當	
U+5510_00	唐	
U+5802_00	堂	
U+9577_00	長	
U+5510_U+4EBA_00	唐人	
U+5510_U+4EBA_U+8A71_00	唐人話	
U+8F49_U+2019_U+B798_00	轉’래	
U+8F49_U+8E05_00	轉踅	
U+5510_U+5C71_00	唐山	
U+8F49_U+539D_00	轉厝	
U+7576_U+958B_01	當開	
U+8F49_U+2019_U+D088_00	轉’킈	
U+77ED_01	短	
U+77ED_U+77ED_01	短短	
U+8C6C_00	豬	
U+8C6C_U+8089_00	豬肉	
U+8C6C_U+8DE4_00	豬跤	
U+92E4_U+982D_00	鋤頭	
U+5F1F_00	弟	
U+5E95_U+4EBA_00	底人	
U+5E95_U+6642_00	底時	
U+632F_U+52D5_00	振動	
U+5F97_01	得	
U+76F4_00	直	
U+751C_00	甜	
U+751C_U+7CBF_00	甜粿	
U+751C_U+871C_00	甜蜜	
U+6EF4_00	滴	
U+6EF4_U+6EF4_00	滴滴	
U+7136_00	然	
U+7136_U+5F8C_00	然後	
U+71B1_U+6200_00	熱戀	
U+71B1_U+60C5_00	熱情	
U+71B1_00	熱	
U+6108_00	愈	
U+5982_00	如	
U+5982_U+4ECA_00	如今	
U+5982_U+6B64_00	如此	
U+5982_U+4F55_00	如何	
U+5152_00	兒	
U+800C_00	而	
U+4E8C_00	二	
U+5B57_00	字	
U+4E8C_U+5341_00	二十	
U+4E8C_U+5341_U+7B8D_00	二十箍	
U+4EBA_U+9593_00	人間	
U+4EBA_U+683C_00	人格	
U+4EBA_U+9858_00	人願	
U+8A8D_U+540C_00	認同	
U+4EBA_U+6C11_00	人民	
U+4EBA_U+751F_00	人生	
U+4EBA_U+4E8B_00	人事	
U+4EBA_U+58EB_00	人士	
U+4EBA_U+53C3_00	人參	
U+4EBA_U+60C5_00	人情	
U+8A8D_U+771F_00	認真	
U+65E5_00	日	
U+65E5_U+8A18_00	日記	
U+65E5_U+65E5_U+591C_U+591C_00	日日夜夜	
U+65E5_U+672C_00	日本	
U+65E5_U+672C_U+4EBA_00	日本人	
U+65E5_U+5E38_00	日常	
U+65E5_U+2019_U+C2DC_00	日’시	
U+65E5_U+5B50_00	日子	
U+65E5_U+982D_00	日頭	
U+5FCD_U+8010_00	忍耐	
U+5FCD_U+5FC3_00	忍心	
U+5165_00	入	
U+5165_U+5175_00	入兵	
U+5165_U+53E3_00	入口	
U+516D_00	六	
U+516D_U+6708_00	六月	
U+516D_U+767E_00	六百	
U+516D_U+5341_00	六十	
U+843D_U+6F06_00	落漆	
U+843D_U+82B1_00	落花	
U+96E3_00	難	
U+96E3_U+904E_00	難過	
U+96E3_U+904E_01	難過	
U+96E3_U+5FD8_00	難忘	
U+96E3_U+514D_00	難免	
U+5357_00	南	
U+6DCB_00	淋	
U+7537_00	男	
U+7537_U+5152_00	男兒	
U+7537_U+4EBA_00	男人	
U+5357_U+5B89_00	南安	
U+5357_U+6D0B_00	南洋	
U+7537_U+4E3B_U+89D2_00	男主角	
U+4EBA_00	人	
U+807E_00	聾	
U+5F04_00	弄	
U+4EBA_U+5BB6_00	人家	
U+4EBA_U+5BA2_00	人客	
U+6F0F_00	漏	
U+5289_00	劉	
U+6A13_00	樓	
U+6D41_00	流	
U+7559_00	留	
U+8001_00	老	
U+8001_U+7334_00	老猴	
U+6A13_U+9802_00	樓頂	
U+9B27_U+71B1_00	鬧熱	
U+8001_U+7238_00	老爸	
U+8001_U+767E_U+59D3_00	老百姓	
U+8001_U+6BCD_00	老母	
U+8001_U+5E2B_00	老師	
U+8001_U+5BE6_00	老實	
U+6A13_U+8DE4_00	樓跤	
U+8001_U+CEE5_U+CEE5_00	老컥컥	
U+6F0F_U+6C23_00	漏氣	
U+843D_U+8DD1_00	落跑	
U+6D41_U+8840_00	流血	
U+4F86_00	來	
U+5167_00	內	
U+4F86_U+5230_00	來到	
U+5167_U+5E95_00	內底	
U+5167_U+9762_00	內面	
U+5167_U+886B_00	內衫	
U+4F86_U+53BB_00	來去	
U+9ECF_00	黏	
U+5FF5_00	念	
U+5FF5_U+7D93_00	念經	
U+9023_U+97AD_00	連鞭	
U+7C92_00	粒	
U+651D_00	攝	
U+63A0_00	掠	
U+4E86_00	了	
U+804A_00	聊	
U+4E86_U+89E3_00	了解	
U+4E86_U+5F8C_00	了後	
U+6EF7_00	滷	
U+9B6F_00	魯	
U+8DEF_00	路	
U+9732_00	露	
U+9732_U+87BA_00	露螺	
U+52AA_U+529B_00	努力	
U+8DEF_U+908A_00	路邊	
U+6EF7_U+8089_00	滷肉	
U+6EF7_U+8089_U+98EF_00	滷肉飯	
U+8DEF_U+4E0A_00	路上	
U+8DEF_U+7528_00	路用	
U+8DEF_U+7528_01	路用	
U+9732_U+6C34_00	露水	
U+6A02_01	樂	
U+9E7F_U+6E2F_00	鹿港	
U+6A02_U+89C0_00	樂觀	
U+70D9_U+5370_00	烙印	
U+843D_U+9B44_00	落魄	
U+6335_00	挵	
U+6D6A_00	浪	
U+90CE_U+541B_00	郎君	
U+6D6A_U+6F2B_00	浪漫	
U+6AF3_U+4ED4_00	櫳仔	
U+B801_U+7E3D_00	렁總	
U+6D6A_U+5B50_00	浪子	
U+6335_U+7834_00	挵破	
U+79AE_00	禮	
U+7281_U+7281_00	犁犁	
U+79AE_U+8C8C_00	禮貌	
U+79AE_U+62DC_00	禮拜	
U+9F8D_00	龍	
U+5169_U+5149_00	兩光	
U+826F_U+541B_00	良君	
U+72FC_U+72FD_00	狼狽	
U+826F_U+5FC3_00	良心	
U+826F_U+7DE3_00	良緣	
U+9F8D_U+6D77_00	龍海	
U+7DA0_U+8336_00	綠茶	
U+852B_00	蔫	
U+6190_00	憐	
U+9023_00	連	
U+5217_U+8ECA_00	列車	
U+5976_01	奶	
U+51B7_00	冷	
U+5BE7_00	寧	
U+9F8D_01	龍	
U+51B7_U+6DE1_00	冷淡	
U+80FD_U+529B_00	能力	
U+51B7_U+51B7_00	冷冷	
U+51B7_U+6696_00	冷暖	
U+51B7_U+6C23_00	冷氣	
U+9748_U+9B42_00	靈魂	
U+60F1_00	惱	
U+52DE_U+788C_00	勞碌	
U+7F85_U+99AC_U+5B57_00	羅馬字	
U+56C9_U+55E6_00	囉嗦	
U+52DE_U+82E6_00	勞苦	
U+843D_00	落	
U+843D_U+4F86_00	落來	
U+843D_U+5C71_00	落山	
U+843D_U+8ECA_00	落車	
U+843D_U+5857_00	落塗	
U+843D_U+5857_U+6642_00	落塗時	
U+843D_U+96E8_00	落雨	
U+843D_U+8449_00	落葉	
U+6696_00	暖	
U+6200_00	戀	
U+4E82_00	亂	
U+4E82_U+8B1B_00	亂講	
U+4E82_U+4F86_00	亂來	
U+6200_U+611B_00	戀愛	
U+6200_U+60C5_00	戀情	
U+4E82_U+7D1B_U+7D1B_00	亂紛紛	
U+65C5_U+9014_00	旅途	
U+5973_U+5152_00	女兒	
U+65C5_U+5BA2_00	旅客	
U+8AD6_00	論	
U+6DDA_00	淚	
U+6D41_U+6D6A_00	流浪	
U+6D41_U+9023_00	流連	
U+7559_U+6200_00	留戀	
U+6D41_U+8F49_00	流轉	
U+6D41_U+661F_00	流星	
U+6D41_U+884C_00	流行	
U+674E_00	李	
U+7406_00	理	
U+96E2_00	離	
U+7406_U+5DE5_00	理工	
U+96E2_U+5225_00	離別	
U+7406_U+60F3_00	理想	
U+7406_U+7531_00	理由	
U+96E2_U+958B_00	離開	
U+73B2_U+746F_00	玲瑯	
U+98F2_00	飲	
U+6797_00	林	
U+98F2_U+8336_00	飲茶	
U+6797_U+7530_00	林田	
U+98F2_U+2019_U+B877_U+D088_00	飲’롷킈	
U+98F2_U+6C34_00	飲水	
U+98F2_U+9152_00	飲酒	
U+6797_U+539D_U+6E2F_00	林厝港	
U+98F2_U+6E6F_00	飲湯	
U+5ABD_00	媽	
U+99AC_00	馬	
U+99AC_U+4F86_U+897F_U+4E9E_00	馬來西亞	
U+99AC_U+4F86_U+897F_U+4E9E_U+4EBA_00	馬來西亞人	
U+5ABD_U+7956_00	媽祖	
U+540D_00	名	
U+547D_00	命	
U+540D_U+8072_00	名聲	
U+547D_U+904B_00	命運	
U+669D_00	暝	
U+7F75_00	罵	
U+BA54_U+B07C_U+9EB5_00	메끼麵	
U+660E_U+5E74_00	明年	
U+669D_U+2019_U+C2DC_00	暝’시	
U+6EFF_00	滿	
U+6EFF_U+6EFF_00	滿滿	
U+6EFF_U+9762_00	滿面	
U+9EBB_U+6CB9_U+96DE_00	麻油雞	
U+6EFF_U+610F_00	滿意	
U+7CDC_00	糜	
U+59B9_00	妹	
U+6BCF_00	每	
U+6BCF_U+5DE5_00	每工	
U+6BCF_U+65E5_00	每日	
U+6885_U+82B1_00	梅花	
U+6BDB_00	毛	
U+9580_00	門	
U+554F_00	問	
U+669D_01	暝	
U+9EB5_00	麵	
U+9EB5_U+56DD_00	麵囝	
U+9EB5_U+8584_00	麵薄	
U+9EB5_U+7DDA_00	麵線	
U+9EB5_U+7DDA_U+7CCA_00	麵線糊	
U+669D_U+2019_U+C2DC_01	暝’시	
U+7269_00	物	
U+7269_U+4EF6_00	物件	
U+98FD_00	飽	
U+98FD_U+98FD_00	飽飽	
U+5DF4_U+524E_00	巴剎	
U+7E1B_00	縛	
U+5317_00	北	
U+8179_00	腹	
U+5317_U+4EAC_00	北京	
U+8179_U+809A_00	腹肚	
U+8179_U+5167_00	腹內	
U+5317_U+9670_U+9146_U+90FD_00	北陰酆都	
U+73ED_00	班	
U+8FA6_U+516C_U+4F19_00	辦公伙	
U+73ED_U+6A5F_00	班機	
U+83DD_00	菝	
U+5225_U+4EBA_00	別人	
U+83DD_U+4ED4_00	菝仔	
U+653E_00	放	
U+653E_U+5DE5_00	放工	
U+623F_U+9593_00	房間	
U+653E_U+6352_00	放捒	
U+653E_U+5C4E_00	放屎	
U+653E_U+5C41_00	放屁	
U+767E_00	百	
U+767E_U+5E74_00	百年	
U+7238_U+7238_00	爸爸	
U+767E_U+7B8D_00	百箍	
U+5305_00	包	
U+64FA_00	擺	
U+62DC_00	拜	
U+62DC_U+4E94_00	拜五	
U+62DC_U+4E8C_00	拜二	
U+62DC_U+516D_00	拜六	
U+62DC_U+62DC_00	拜拜	
U+62DC_U+4E09_00	拜三	
U+62DC_U+56DB_00	拜四	
U+62DC_U+4E00_00	拜一	
U+9905_00	餅	
U+62DA_00	拚	
U+6452_U+6383_00	摒掃	
U+58C1_00	壁	
U+6F02_U+7DFB_00	漂緻	
U+8868_U+6F14_00	表演	
U+6B65_00	步	
U+90E8_00	部	
U+5E03_U+888B_00	布袋	
U+90E8_U+9580_00	部門	
U+78C5_00	磅	
U+78C5_U+7A7A_00	磅空	
U+5F77_U+5FA8_00	彷徨	
U+722C_00	爬	
U+7238_00	爸	
U+7238_U+6BCD_00	爸母	
U+767D_00	白	
U+64D8_00	擘	
U+767D_U+76EE_00	白目	
U+767D_U+99AC_00	白馬	
U+767E_U+59D3_00	百姓	
U+767D_U+8272_00	白色	
U+767E_U+59D3_01	百姓	
U+767D_U+8CCA_00	白賊	
U+767D_U+7CD6_00	白糖	
U+767D_U+7CD6_U+7CBF_00	白糖粿	
U+903C_00	逼	
U+8B8A_00	變	
U+8B8A_U+5366_00	變卦	
U+4FBF_U+7576_00	便當	
U+4FBF_U+6240_00	便所	
U+8B8A_U+6210_00	變成	
U+8B8A_U+505A_00	變做	
U+8B8A_U+614B_00	變態	
U+8B8A_U+5316_00	變化	
U+5175_00	兵	
U+5E73_00	平	
U+670B_00	朋	
U+723F_00	爿	
U+5E73_U+5E73_U+5B89_U+5B89_00	平平安安	
U+5175_U+886B_00	兵衫	
U+5E73_U+5E38_00	平常	
U+5E73_U+5B89_00	平安	
U+670B_U+53CB_00	朋友	
U+5175_U+8932_00	兵褲	
U+5175_U+982D_00	兵頭	
U+5BF6_00	寶	
U+5831_00	報	
U+5A46_00	婆	
U+5BF6_U+8CB4_00	寶貴	
U+4FDD_U+91CD_00	保重	
U+5761_U+5E95_00	坡底	
U+73BB_U+7483_00	玻璃	
U+73BB_U+7483_U+676F_00	玻璃杯	
U+4FDD_U+5E87_00	保庇	
U+5BF6_U+60DC_00	寶惜	
U+4FDD_U+8B49_00	保證	
U+5831_U+7D19_00	報紙	
U+8584_00	薄	
U+8584_U+60C5_U+90CE_00	薄情郎	
U+642C_00	搬	
U+534A_00	半	
U+76E4_00	盤	
U+534A_U+669D_00	半暝	
U+534A_U+669D_01	半暝	
U+8DCB_00	跋	
U+64A5_00	撥	
U+8DCB_U+7B4A_00	跋筊	
U+8DCB_U+676F_00	跋杯	
U+516B_00	八	
U+516B_U+9EDE_U+6A94_00	八點檔	
U+516B_U+5B57_00	八字	
U+516B_U+767E_00	八百	
U+516B_U+5341_00	八十	
U+516B_U+5343_00	八千	
U+516B_U+5206_00	八分	
U+5206_00	分	
U+672C_00	本	
U+672C_U+4F86_00	本來	
U+672C_U+6027_U+96E3_U+79FB_00	本性難移	
U+7CDE_U+6383_00	糞掃	
U+672C_U+9322_00	本錢	
U+4E0D_00	不	
U+4E0D_U+77E5_U+4E0D_U+89BA_00	不知不覺	
U+4E0D_U+6642_00	不時	
U+4E0D_U+6B63_00	不正	
U+4E0D_U+5B5D_00	不孝	
U+676F_00	杯	
U+98DB_00	飛	
U+966A_00	陪	
U+4F69_U+528D_00	佩劍	
U+98DB_U+6A5F_00	飛機	
U+98DB_U+9F8D_00	飛龍	
U+80CC_U+5F71_00	背影	
U+966A_U+4F34_00	陪伴	
U+80CC_U+5F8C_00	背後	
U+80A5_00	肥	
U+62D4_00	拔	
U+65B9_00	方	
U+98EF_00	飯	
U+6BD4_00	比	
U+60B2_U+5287_00	悲劇	
U+7435_U+7436_00	琵琶	
U+79D8_U+5BC6_00	秘密	
U+6BD4_U+8CFD_00	比賽	
U+60B2_U+50B7_00	悲傷	
U+9589_U+601D_00	閉思	
U+79D8_U+65B9_00	秘方	
U+6191_00	憑	
U+5C4F_U+6771_00	屏東	
U+8CA7_U+60F0_00	貧惰	
U+7B46_00	筆	
U+908A_00	邊	
U+9C49_00	鱉	
U+76EE_00	目	
U+76EE_U+93E1_00	目鏡	
U+8309_U+8389_00	茉莉	
U+76EE_U+7709_00	目眉	
U+76EE_U+5C3E_00	目尾	
U+76EE_U+6ED3_00	目滓	
U+76EE_U+776D_00	目睭	
U+95A9_00	閩	
U+6162_00	慢	
U+842C_00	萬	
U+95A9_U+8A9E_00	閩語	
U+95A9_U+6771_00	閩東	
U+95A9_U+6771_U+8A9E_00	閩東語	
U+95A9_U+5357_00	閩南	
U+95A9_U+5357_U+8A9E_00	閩南語	
U+6162_U+6162_00	慢慢	
U+66FC_U+714E_U+7CBF_00	曼煎粿	
U+842C_U+7B8D_00	萬箍	
U+633D_U+56DE_00	挽回	
U+634C_00	捌	
U+832B_00	茫	
U+5922_00	夢	
U+671B_00	望	
U+7DB2_00	網	
U+824B_U+823A_00	艋舺	
U+5922_U+4E2D_00	夢中	
U+7DB2_U+8DEF_00	網路	
U+832B_U+832B_00	茫茫	
U+7DB2_U+7AD9_00	網站	
U+5922_U+9192_00	夢醒	
U+8089_00	肉	
U+8089_U+4E7E_00	肉乾	
U+8089_U+9AA8_U+8336_00	肉骨茶	
U+8089_U+7CBD_00	肉粽	
U+8089_U+811E_00	肉脞	
U+8089_U+811E_U+9EB5_00	肉脞麵	
U+8089_U+9AD4_00	肉體	
U+6A21_U+6A23_00	模樣	
U+76EE_U+7684_00	目的	
U+76EE_U+524D_00	目前	
U+832B_01	茫	
U+832B_U+9727_00	茫霧	
U+4EA1_U+9B42_00	亡魂	
U+99AC_01	馬	
U+8FF7_00	迷	
U+59B9_01	妹	
U+8FF7_U+984C_00	迷題	
U+8FF7_U+4EBA_00	迷人	
U+8FF7_U+6200_00	迷戀	
U+8FF7_U+9B42_00	迷魂	
U+6B32_00	欲	
U+514D_00	免	
U+52C9_U+5F37_00	勉強	
U+731B_00	猛	
U+660E_00	明	
U+660E_U+6708_00	明月	
U+660E_U+65E5_00	明日	
U+540D_U+5229_00	名利	
U+660E_U+660E_00	明明	
U+660E_U+738B_00	明王	
U+660E_U+77E5_00	明知	
U+BF40_U+5F71_00	뽀影	
U+BF40_U+8981_U+7DCA_00	뽀要緊	
U+BF40_U+63D2_00	뽀插	
U+BF40_U+5F69_U+5DE5_00	뽀彩工	
U+6EFF_01	滿	
U+8CB7_00	買	
U+8CE3_00	賣	
U+8CB7_U+8CE3_00	買賣	
U+BF94_U+8981_U+7DCA_00	뾔要緊	
U+8CB7_U+7968_00	買票	
U+8CE3_U+7968_00	賣票	
U+79D2_00	秒	
U+6BCD_00	母	
U+7121_00	無	
U+7121_U+9593_U+5730_U+7344_00	無間地獄	
U+6BCD_U+56DD_00	母囝	
U+821E_U+53F0_00	舞台	
U+6587_00	文	
U+554F_U+984C_00	問題	
U+6587_U+5B57_00	文字	
U+6587_U+79AE_00	文禮	
U+6587_U+6587_U+4ED4_U+7B11_00	文文仔笑	
U+6587_U+5316_00	文化	
U+5C3E_00	尾	
U+672A_00	未	
U+7C73_00	米	
U+7F8E_00	美	
U+5473_00	味	
U+5FAE_00	微	
U+7F8E_U+570B_00	美國	
U+7F8E_U+570B_U+4EBA_00	美國人	
U+7F8E_U+5FB7_00	美德	
U+672A_U+4F86_00	未來	
U+7F8E_U+9E97_00	美麗	
U+7F8E_U+5922_00	美夢	
U+5FAE_U+5FAE_00	微微	
U+7F8E_U+4E16_U+754C_00	美世界	
U+7C73_U+9152_00	米酒	
U+7C73_U+9152_U+982D_00	米酒頭	
U+7C73_U+9152_U+982D_U+4ED4_00	米酒頭仔	
U+7C73_U+7C89_00	米粉	
U+7C73_U+7C89_U+7CBF_00	米粉粿	
U+7C73_U+7C89_U+6E6F_00	米粉湯	
U+6C11_00	民	
U+7720_00	眠	
U+9762_00	面	
U+6C11_U+570B_00	民國	
U+9762_U+5E95_U+76AE_00	面底皮	
U+9762_U+5C0D_00	面對	
U+7720_U+5922_00	眠夢	
U+9762_U+8089_00	面肉	
U+9762_U+8272_00	面色	
U+660E_U+4ED4_U+65E5_00	明仔日	
U+660E_U+4ED4_U+8F09_00	明仔載	
U+9762_U+518A_00	面冊	
U+7720_U+5E8A_00	眠床	
U+871C_00	蜜	
U+8995_00	覕	
U+8995_U+76F8_U+63E3_00	覕相揣	
U+6563_U+6B65_00	散步	
U+5C71_U+76DF_U+6D77_U+8A93_00	山盟海誓	
U+6563_U+98DF_00	散食	
U+4E09_00	三	
U+886B_00	衫	
U+5565_00	啥	
U+4E09_U+500B_U+6708_00	三個月	
U+76F8_U+898B_00	相見	
U+76F8_U+898B_U+6B61_00	相見歡	
U+4E09_U+51AC_00	三冬	
U+4E09_U+9EDE_U+9418_00	三點鐘	
U+4E09_U+65E5_00	三日	
U+4E09_U+767E_00	三百	
U+4E09_U+5341_00	三十	
U+886B_U+8932_00	衫褲	
U+4E09_U+5206_00	三分	
U+4E09_U+4E0D_U+4E94_U+6642_00	三不五時	
U+9B06_00	鬆	
U+9001_00	送	
U+7160_00	煠	
U+6383_00	掃	
U+897F_00	西	
U+4F7F_00	使	
U+5C4E_00	屎	
U+99DB_00	駛	
U+897F_U+5317_U+96E8_00	西北雨	
U+99DB_U+8ECA_00	駛車	
U+5BEB_00	寫	
U+8B1D_00	謝	
U+8B1D_U+7F6A_00	謝罪	
U+5BEB_U+6279_00	寫批	
U+5BEB_U+597D_00	寫好	
U+793E_U+6703_00	社會	
U+8072_00	聲	
U+5565_01	啥	
U+5565_U+4EBA_00	啥人	
U+5565_U+7269_00	啥物	
U+8072_U+8072_00	聲聲	
U+8072_U+97F3_00	聲音	
U+57CE_U+5E02_00	城市	
U+5565_U+8CA8_00	啥貨	
U+4010_00	䀐	
U+9583_00	閃	
U+9583_U+9583_U+720D_00	閃閃爍	
U+9583_U+9583_U+720D_U+720D_00	閃閃爍爍	
U+9583_U+720D_00	閃爍	
U+6F80_00	澀	
U+96D9_00	雙	
U+96D9_U+4EBA_00	雙人	
U+96D9_U+624B_00	雙手	
U+96D9_U+8DE4_00	雙跤	
U+92B7_00	銷	
U+75DF_00	痟	
U+6578_00	數	
U+6578_U+5FF5_00	數念	
U+5C11_U+5E74_00	少年	
U+5C11_U+5E74_U+5BB6_00	少年家	
U+5C11_U+5E74_U+4EBA_00	少年人	
U+6D88_U+5931_00	消失	
U+6D88_U+606F_00	消息	
U+6D88_U+9063_00	消遣	
U+75DF_U+8CAA_00	痟貪	
U+9165_00	酥	
U+6240_00	所	
U+6240_U+6709_00	所有	
U+6240_U+4EE5_00	所以	
U+6240_U+5728_00	所在	
U+675F_U+7E1B_00	束縛	
U+68EE_U+5984_00	森妄	
U+723D_00	爽	
U+55AA_00	喪	
U+55AA_U+81BD_00	喪膽	
U+897F_01	西	
U+4E16_00	世	
U+4E16_U+9593_00	世間	
U+4E16_U+754C_00	世界	
U+4E16_U+4E8B_00	世事	
U+897F_U+65BD_00	西施	
U+897F_U+6D0B_00	西洋	
U+4E16_U+5B97_00	世宗	
U+4E16_U+60C5_00	世情	
U+751F_00	生	
U+59D3_00	姓	
U+751F_U+65E5_00	生日	
U+6027_U+547D_00	性命	
U+751F_U+6B7B_00	生死	
U+8E05_00	踅	
U+96EA_00	雪	
U+4FD7_00	俗	
U+5BC2_U+5BDE_00	寂寞	
U+5C6C_U+65BC_00	屬於	
U+60F3_00	想	
U+60F3_U+6B32_00	想欲	
U+50B7_00	傷	
U+76F8_00	相	
U+76F8_01	相	
U+5E38_00	常	
U+4E0A_00	上	
U+4E0A_U+7B2C_00	上第	
U+50B7_U+60B2_00	傷悲	
U+8A73_U+7D30_00	詳細	
U+76F8_U+96A8_00	相隨	
U+76F8_U+4FE1_00	相信	
U+50B7_U+5FC3_00	傷心	
U+7FD4_U+5B89_00	翔安	
U+4E0A_U+611B_00	上愛	
U+76F8_U+4F9D_U+70BA_U+547D_00	相依為命	
U+76F8_U+7247_00	相片	
U+50B7_U+5BB3_00	傷害	
U+76F8_U+9022_00	相逢	
U+4E0A_U+597D_00	上好	
U+50B7_U+75D5_00	傷痕	
U+76F8_U+6703_00	相會	
U+719F_00	熟	
U+8272_00	色	
U+6614_U+65E5_00	昔日	
U+719F_U+4F3C_00	熟似	
U+78A9_U+58EB_00	碩士	
U+87EE_00	蟮	
U+4ED9_U+5973_00	仙女	
U+5148_U+751F_00	先生	
U+87EE_U+87F2_00	蟮蟲	
U+8A2D_U+8A08_00	設計	
U+5148_00	先	
U+5347_00	升	
U+6210_00	成	
U+76DB_U+6E2F_00	盛港	
U+6210_U+529F_00	成功	
U+751F_U+6A5F_00	生機	
U+751F_U+7406_00	生理	
U+751F_U+6D3B_00	生活	
U+6210_U+70BA_00	成為	
U+6210_U+5C31_00	成就	
U+5347_U+8D77_00	升起	
U+9396_U+5319_00	鎖匙	
U+6C99_00	沙	
U+75E7_00	痧	
U+7D32_00	紲	
U+7D32_U+4F86_00	紲來	
U+9078_00	選	
U+849C_00	蒜	
U+9078_U+64C7_00	選擇	
U+65CB_U+9C21_U+9F13_00	旋鰡鼓	
U+8A15_U+524A_00	訕削	
U+9078_U+5340_00	選區	
U+9078_U+7968_00	選票	
U+96EA_01	雪	
U+5C71_00	山	
U+5098_00	傘	
U+6563_00	散	
U+7DDA_00	線	
U+5C71_U+9F9C_00	山龜	
U+5C71_U+9802_00	山頂	
U+6C55_U+982D_00	汕頭	
U+715E_00	煞	
U+6D17_00	洗	
U+7D30_00	細	
U+7D30_U+56DD_00	細囝	
U+7D30_U+81A9_00	細膩	
U+7D30_U+8072_00	細聲	
U+7D30_U+7D30_00	細細	
U+7D30_U+6F22_00	細漢	
U+71D2_00	燒	
U+76F8_02	相	
U+5C0F_00	小	
U+76F8_U+4EDD_00	相仝	
U+76F8_U+8B93_00	相讓	
U+5C0F_U+5F1F_00	小弟	
U+5C0F_U+8DEF_00	小路	
U+5C0F_U+59B9_00	小妹	
U+71D2_U+8089_U+7CBD_00	燒肉粽	
U+5C0F_U+59B9_01	小妹	
U+76F8_U+9001_00	相送	
U+71D2_U+71D2_00	燒燒	
U+5C0F_U+5FC3_00	小心	
U+5C0F_U+5B78_00	小學	
U+76F8_U+501A_00	相倚	
U+5C0F_U+59D0_00	小姐	
U+5C0F_U+8239_00	小船	
U+71D2_U+9152_U+8766_00	燒酒蝦	
U+5C0F_U+53EF_U+4ED4_00	小可仔	
U+76F8_U+4F28_00	相伨	
U+76F8_U+62CD_00	相拍	
U+5C0F_U+96E8_00	小雨	
U+5C0F_U+96E8_U+5098_00	小雨傘	
U+60DC_00	惜	
U+60DC_U+5225_00	惜別	
U+601D_00	思	
U+8F38_00	輸	
U+4F7F_01	使	
U+99DB_01	駛	
U+4E8B_00	事	
U+58EB_00	士	
U+8212_U+4F6E_00	舒佮	
U+4E8B_U+5230_U+5982_U+4ECA_00	事到如今	
U+4F7F_U+7136_00	使然	
U+8F38_U+5165_U+6CD5_00	輸入法	
U+8F38_U+4EBA_00	輸人	
U+601D_U+5FF5_00	思念	
U+601D_U+6200_00	思戀	
U+4E8B_U+5BE6_00	事實	
U+8F38_U+8D0F_00	輸贏	
U+9700_U+8981_00	需要	
U+601D_U+8003_00	思考	
U+56DB_U+914D_00	四配	
U+56DB_U+65B9_00	四方	
U+5B6B_00	孫	
U+9806_00	順	
U+5B6B_U+4E2D_U+5C71_00	孫中山	
U+9806_U+5229_00	順利	
U+9806_U+9806_00	順順	
U+7D14_U+60C5_00	純情	
U+8853_00	術	
U+8870_00	衰	
U+8AAA_00	說	
U+5AA0_00	媠	
U+6C34_00	水	
U+8AB0_00	誰	
U+96A8_00	隨	
U+96D6_U+7136_00	雖然	
U+5AA0_U+5AA0_00	媠媠	
U+96A8_U+7DE3_00	隨緣	
U+6536_00	收	
U+9996_00	首	
U+53D7_00	受	
U+53D7_U+7F6A_00	受罪	
U+6CC5_U+6C34_00	泅水	
U+53D7_U+6C23_00	受氣	
U+5B88_U+8B77_00	守護	
U+50B7_01	傷	
U+60F3_01	想	
U+50B7_U+904E_00	傷過	
U+60F3_U+6B32_01	想欲	
U+60F3_U+6B32_02	想欲	
U+76F8_U+601D_00	相思	
U+60F3_U+8D77_00	想起	
U+9178_00	酸	
U+971C_00	霜	
U+800D_00	耍	
U+7B97_00	算	
U+9178_U+751C_U+82E6_U+6F80_00	酸甜苦澀	
U+7B97_U+6578_00	算數	
U+971C_U+96EA_00	霜雪	
U+5E8F_U+5927_00	序大	
U+5E8F_U+5927_U+4EBA_00	序大人	
U+65BD_00	施	
U+7D72_00	絲	
U+8A69_00	詩	
U+6B7B_00	死	
U+56DB_00	四	
U+6642_00	時	
U+6642_U+9593_00	時間	
U+56DB_U+754C_00	四界	
U+6642_U+6A5F_00	時機	
U+6642_U+4EE3_00	時代	
U+4E16_U+4EBA_00	世人	
U+56DB_U+767E_00	四百	
U+6B7B_U+6B7B_00	死死	
U+6642_U+6642_U+523B_U+523B_00	時時刻刻	
U+56DB_U+5341_00	四十	
U+6642_U+9418_00	時鐘	
U+6642_U+9663_00	時陣	
U+8FAD_U+8077_00	辭職	
U+8FAD_U+982D_U+8DEF_00	辭頭路	
U+65B0_00	新	
U+8EAB_00	身	
U+4FE1_00	信	
U+795E_00	神	
U+65B0_U+52A0_U+5761_00	新加坡	
U+65B0_U+52A0_U+5761_U+4EBA_00	新加坡人	
U+8EAB_U+61F8_00	身懸	
U+8EAB_U+8457_00	身著	
U+65B0_U+7AF9_00	新竹	
U+65B0_U+5A66_00	新婦	
U+8EAB_U+908A_00	身邊	
U+795E_U+660E_00	神明	
U+65B0_U+805E_00	新聞	
U+85AA_U+6C34_00	薪水	
U+8EAB_U+5F8C_00	身後	
U+8F9B_U+82E6_00	辛苦	
U+8EAB_U+8EC0_00	身軀	
U+795E_U+901A_00	神通	
U+8EAB_U+9AD4_00	身體	
U+5BE6_00	實	
U+5931_00	失	
U+5931_U+843D_00	失落	
U+5931_U+6557_00	失敗	
U+5931_U+671B_00	失望	
U+5931_U+7720_00	失眠	
U+5931_U+5FD7_00	失志	
U+5931_U+53BB_00	失去	
U+751F_01	生	
U+6027_U+547D_01	性命	
U+5FC3_00	心	
U+5FC3_U+72C2_00	心狂	
U+5FC3_U+72C2_U+706B_U+8457_00	心狂火著	
U+5FC3_U+809D_00	心肝	
U+5FC3_U+4E2D_00	心中	
U+5FC3_U+5167_00	心內	
U+5FC3_U+7406_00	心理	
U+4EC0_U+7269_00	什物	
U+5FC3_U+8072_00	心聲	
U+5FC3_U+9178_00	心酸	
U+5FC3_U+5B89_00	心安	
U+5FC3_U+611B_00	心愛	
U+5FC3_U+610F_00	心意	
U+5FC3_U+60C5_00	心情	
U+5FC3_U+60C5_01	心情	
U+5FC3_U+982D_00	心頭	
U+5FC3_U+75BC_00	心疼	
U+5FC3_U+8DF3_00	心跳	
U+5BE9_U+5224_00	審判	
U+5FC3_U+865B_00	心虛	
U+963F_00	阿	
U+9D09_00	鴉	
U+4ED4_00	仔	
U+555E_00	啞	
U+963F_U+516C_00	阿公	
U+963F_U+516C_U+4ED4_00	阿公仔	
U+963F_U+8205_00	阿舅	
U+963F_U+5997_00	阿妗	
U+963F_U+5A18_00	阿娘	
U+963F_U+5ABD_00	阿媽	
U+963F_U+5A46_00	阿婆	
U+963F_U+6BCD_00	阿母	
U+963F_U+4FEE_U+7F85_00	阿修羅	
U+963F_U+59E8_00	阿姨	
U+963F_U+7956_00	阿祖	
U+963F_U+53D4_00	阿叔	
U+963F_U+59CA_00	阿姊	
U+9D09_U+7247_00	鴉片	
U+963F_U+5144_00	阿兄	
U+6C83_00	沃	
U+6C83_U+6FB9_00	沃澹	
U+5B89_00	安	
U+664F_00	晏	
U+5B89_U+5BE7_00	安寧	
U+5B89_U+5FC3_00	安心	
U+5B89_U+6170_00	安慰	
U+6309_U+600E_00	按怎	
U+6309_U+600E_U+6A23_00	按怎樣	
U+5B89_U+6EAA_00	安溪	
U+63DE_U+8170_00	揞腰	
U+6697_00	暗	
U+9837_U+9838_00	頷頸	
U+6697_U+669D_00	暗暝	
U+6697_U+669D_01	暗暝	
U+6697_U+8D96_U+8D96_00	暗趖趖	
U+6697_U+6642_00	暗時	
U+6697_U+5B89_00	暗安	
U+6697_U+5D01_00	暗崁	
U+7FC1_00	翁	
U+7D05_00	紅	
U+7D05_U+9F9C_U+7CBF_00	紅龜粿	
U+7D05_U+8C46_00	紅豆	
U+7D05_U+8C46_U+6E6F_00	紅豆湯	
U+7D05_U+8336_00	紅茶	
U+7D05_U+767B_U+8A18_00	紅登記	
U+7D05_U+6BDB_00	紅毛	
U+7D05_U+6BDB_U+6A4B_00	紅毛橋	
U+7D05_U+6BDB_U+4EBA_00	紅毛人	
U+7D05_U+6BDB_U+8A71_00	紅毛話	
U+7FC1_U+5A7F_00	翁婿	
U+7D05_U+8272_00	紅色	
U+7D05_U+5C71_00	紅山	
U+7D05_U+71D2_00	紅燒	
U+7D05_U+87F3_00	紅蟳	
U+7D05_U+82B1_00	紅花	
U+9D28_00	鴨	
U+9D28_U+8089_00	鴨肉	
U+5F8C_00	後	
U+5F8C_U+6E2F_00	後港	
U+5F8C_U+79AE_U+62DC_00	後禮拜	
U+5F8C_U+64FA_00	後擺	
U+5F8C_U+58C1_00	後壁	
U+5F8C_U+5C3E_00	後尾	
U+5F8C_U+4E16_U+4EBA_00	後世人	
U+611B_00	愛	
U+611B_U+4EBA_00	愛人	
U+54C0_U+6028_00	哀怨	
U+611B_U+60C5_00	愛情	
U+91CE_00	野	
U+591C_00	夜	
U+591C_U+90FD_U+5E02_00	夜都市	
U+91CE_U+9CE5_00	野鳥	
U+591C_U+53C9_00	夜叉	
U+591C_U+5E02_00	夜市	
U+591C_U+5FEB_U+8ECA_00	夜快車	
U+5F71_00	影	
U+8D0F_00	贏	
U+8D0F_U+7B4A_00	贏筊	
U+5F71_U+7247_00	影片	
U+9E7D_00	鹽	
U+708E_00	炎	
U+7336_00	猶	
U+7336_U+672A_00	猶未	
U+8981_00	要	
U+67B5_U+9B3C_00	枵鬼	
U+8981_U+6C42_00	要求	
U+8981_U+7DCA_00	要緊	
U+5996_U+5B7D_00	妖孽	
U+592D_U+58FD_00	夭壽	
U+70CF_00	烏	
U+6316_00	挖	
U+6E56_00	湖	
U+80E1_00	胡	
U+828B_00	芋	
U+70CF_U+9F8D_00	烏龍	
U+70CF_U+9F8D_U+8336_00	烏龍茶	
U+70CF_U+767D_00	烏白	
U+70CF_U+767D_U+8B1B_00	烏白講	
U+70CF_U+767D_U+7121_U+5E38_00	烏白無常	
U+70CF_U+7D17_00	烏紗	
U+70CF_U+8272_00	烏色	
U+70CF_U+9D09_00	烏鴉	
U+70CF_U+6697_00	烏暗	
U+70CF_U+70CF_00	烏烏	
U+70CF_U+9670_00	烏陰	
U+6E56_U+6C34_00	湖水	
U+6E56_U+6C34_U+9762_00	湖水面	
U+60E1_U+9B3C_00	惡鬼	
U+5F80_00	往	
U+738B_00	王	
U+5F80_U+4E8B_00	往事	
U+5F80_U+5F80_00	往往	
U+738B_U+5B50_00	王子	
U+738B_U+540E_00	王后	
U+4E2A_00	个	
U+4E0B_00	下	
U+4E0B_01	下	
U+6328_00	挨	
U+5EC8_U+9580_00	廈門	
U+4E0B_U+6661_00	下晡	
U+4E0B_U+660F_00	下昏	
U+7D04_U+675F_00	約束	
U+7D04_U+6703_00	約會	
U+694A_00	楊	
U+52C7_00	勇	
U+7528_00	用	
U+52C7_U+6562_00	勇敢	
U+52C7_U+5065_00	勇健	
U+7528_U+5FC3_00	用心	
U+52C7_U+6C23_00	勇氣	
U+5EF6_00	延	
U+7DE3_00	緣	
U+7DE3_U+6295_00	緣投	
U+5EF6_U+5E73_00	延平	
U+5EF6_U+5E73_U+738B_00	延平王	
U+925B_U+7B46_00	鉛筆	
U+80ED_U+8102_U+6C34_U+7C89_00	胭脂水粉	
U+7DE3_U+4EFD_00	緣份	
U+6E67_00	湧	
U+7528_01	用	
U+61C9_U+8A72_00	應該	
U+82F1_U+570B_00	英國	
U+82F1_U+8A9E_00	英語	
U+82F1_U+6587_00	英文	
U+4E0B_U+660F_U+6697_00	下昏暗	
U+6C38_U+9060_00	永遠	
U+6C38_U+6625_00	永春	
U+86B5_00	蚵	
U+5A40_U+5A1C_00	婀娜	
U+86B5_U+4ED4_00	蚵仔	
U+86B5_U+4ED4_U+714E_00	蚵仔煎	
U+5B78_00	學	
U+5B78_U+5802_00	學堂	
U+6028_00	怨	
U+5B8C_00	完	
U+51A4_U+5BB6_00	冤家	
U+6028_U+547D_00	怨命	
U+5B8C_U+6210_00	完成	
U+51A4_U+4EC7_00	冤仇	
U+6028_U+5C24_00	怨尤	
U+5B8C_U+5168_00	完全	
U+6028_U+6C23_00	怨氣	
U+6028_U+5606_00	怨嘆	
U+96F2_U+541E_00	雲吞	
U+96F2_U+541E_U+9EB5_00	雲吞麵	
U+6028_U+5929_00	怨天	
U+6028_U+6068_00	怨恨	
U+65A1_00	斡	
U+8D8A_U+5357_00	越南	
U+8D8A_U+5357_U+4EBA_00	越南人	
U+65A1_U+982D_00	斡頭	
U+65A1_U+982D_U+884C_00	斡頭行	
U+65A1_U+982D_U+8D70_00	斡頭走	
U+7897_00	碗	
U+664F_01	晏	
U+63DB_00	換	
U+664F_U+5230_00	晏到	
U+7897_U+7CBF_00	碗粿	
U+6D3B_00	活	
U+6D3B_U+52D5_00	活動	
U+77EE_00	矮	
U+978B_00	鞋	
U+8170_U+61F8_00	腰懸	
U+85E5_00	藥	
U+81C6_00	臆	
U+8B7D_00	譽	
U+5B87_U+5B99_00	宇宙	
U+C6B0_U+6642_00	우時	
U+C6B0_U+5F71_00	우影	
U+C6B0_U+5F71_U+2019_U+BF40_00	우影’뽀	
U+6069_00	恩	
U+6EAB_00	溫	
U+7A69_00	穩	
U+904B_00	運	
U+96B1_U+75C0_U+6A4B_00	隱痀橋	
U+904B_U+9014_00	運途	
U+904B_U+52D5_00	運動	
U+6EAB_U+67D4_00	溫柔	
U+6EAB_U+6696_00	溫暖	
U+904B_U+547D_00	運命	
U+6EAB_U+6587_U+723E_U+96C5_00	溫文爾雅	
U+6069_U+611B_00	恩愛	
U+6EAB_U+5B58_00	溫存	
U+9B31_U+5352_00	鬱卒	
U+8A71_00	話	
U+5283_00	劃	
U+4F4D_00	位	
U+70BA_00	為	
U+5049_U+5927_00	偉大	
U+70BA_U+5565_U+7269_00	為啥物	
U+70BA_U+4EC0_U+7269_00	為什物	
U+552F_U+4E00_00	唯一	
U+70BA_U+600E_U+6A23_00	為怎樣	
U+70BA_U+6B62_00	為止	
U+59D4_U+5C48_00	委屈	
U+907A_U+61BE_00	遺憾	
U+70BA_U+4F55_00	為何	
U+6182_00	憂	
U+53CB_00	友	
U+6CB9_00	油	
U+4F51_00	佑	
U+53C8_00	又	
U+7950_00	祐	
U+6CB9_U+57A2_00	油垢	
U+6CB9_U+57A2_U+57A2_00	油垢垢	
U+6CB9_U+57A2_U+5473_00	油垢味	
U+7336_U+539F_00	猶原	
U+5E7C_U+7A1A_00	幼稚	
U+6CB9_U+6C60_00	油池	
U+5C24_U+4EBA_00	尤人	
U+6CB9_U+9580_00	油門	
U+5E7C_U+9EB5_00	幼麵	
U+6182_U+50B7_00	憂傷	
U+6709_U+60C5_00	有情	
U+6709_U+60C5_U+773E_U+751F_00	有情眾生	
U+6182_U+6101_00	憂愁	
U+6709_U+5B5D_00	有孝	
U+694A_01	楊	
U+6D0B_00	洋	
U+7F8A_00	羊	
U+C74C_U+8457_00	음著	
U+9EC3_00	黃	
U+5411_U+671B_00	向望	
U+9EC3_U+8272_00	黃色	
U+91AB_00	醫	
U+5DF2_00	已	
U+610F_00	意	
U+59E8_00	姨	
U+610F_U+898B_00	意見	
U+5DF2_U+7D93_00	已經	
U+610F_U+5916_00	意外	
U+610F_U+7FA9_00	意義	
U+6905_U+689D_00	椅條	
U+610F_U+601D_00	意思	
U+4EE5_U+5F8C_00	以後	
U+610F_U+611B_00	意愛	
U+4F9D_U+501A_00	依倚	
U+7570_U+9109_00	異鄉	
U+5F15_00	引	
U+61C9_00	應	
U+5370_U+5EA6_00	印度	
U+5370_U+5EA6_U+4EBA_00	印度人	
U+56E0_U+70BA_00	因為	
U+4E00_00	一	
U+4E00_U+7B49_00	一等	
U+4E00_U+5B9A_00	一定	
U+4E00_U+76F4_00	一直	
U+4E00_U+822C_00	一般	
U+4E00_U+751F_00	一生	
U+4E00_U+5207_00	一切	
U+5713_00	圓	
U+9670_00	陰	
U+97F3_00	音	
U+97F3_U+6A02_00	音樂	
U+9670_U+98A8_00	陰風	
U+65E9_00	早	
U+65E9_U+9813_00	早頓	
U+6628_U+6697_00	昨暗	
U+65E9_U+8D77_00	早起	
U+6628_U+660F_00	昨昏	
U+66FE_00	曾	
U+8B9A_00	讚	
U+5C64_00	層	
U+6B98_U+5FCD_00	殘忍	
U+7BC0_00	節	
U+7AD9_00	站	
U+5341_00	十	
U+5341_U+4E94_00	十五	
U+5341_U+5E74_00	十年	
U+5341_U+6BBF_U+95BB_U+541B_00	十殿閻君	
U+5341_U+842C_00	十萬	
U+5341_U+7B8D_00	十箍	
U+7CBD_00	粽	
U+8D70_00	走	
U+8D70_U+63E3_00	走揣	
U+7076_U+8DE4_00	灶跤	
U+8D70_U+53BB_00	走去	
U+77E5_00	知	
U+518D_00	再	
U+5728_00	在	
U+518D_U+898B_00	再見	
U+683D_U+57F9_00	栽培	
U+5728_U+4E16_00	在世	
U+5728_U+5BA4_00	在室	
U+77E5_U+5F71_00	知影	
U+518D_U+6703_00	再會	
U+8B1D_01	謝	
U+4B55_00	䭕	
U+6B63_00	正	
U+60C5_00	情	
U+8AA0_00	誠	
U+6B63_U+624B_00	正手	
U+8AA0_U+597D_00	誠好	
U+5C16_00	尖	
U+66AB_U+6642_00	暫時	
U+6F38_U+6F38_00	漸漸	
U+5C16_U+982D_00	尖頭	
U+5C16_U+982D_U+B610_U+B514_00	尖頭또디	
U+63A5_00	接	
U+63A5_U+53D7_00	接受	
U+6F33_U+5DDE_00	漳州	
U+98DF_00	食	
U+624D_00	才	
U+906E_00	遮	
U+96BB_00	隻	
U+906E_U+9087_00	遮邇	
U+98DF_U+529B_00	食力	
U+98DF_U+9EB5_00	食麵	
U+98DF_U+98FD_00	食飽	
U+98DF_U+98FD_U+2019_U+1105_U+11A4_00	食飽’ᄅᆤ	
U+98DF_U+98FD_U+2019_U+C004_00	食飽’쀄	
U+98DF_U+98EF_00	食飯	
U+98DF_U+5C4E_00	食屎	
U+98DF_U+918B_00	食醋	
U+98DF_U+98A8_00	食風	
U+9CE5_00	鳥	
U+7167_00	照	
U+7167_U+9867_00	照顧	
U+7167_U+8B1B_00	照講	
U+7167_U+6B65_U+884C_00	照步行	
U+9CE5_U+4ED4_00	鳥仔	
U+7167_U+8D77_U+5DE5_00	照起工	
U+7956_00	祖	
U+963B_U+7919_00	阻礙	
U+52A9_U+9663_00	助陣	
U+7956_U+50B3_00	祖傳	
U+8E64_00	蹤	
U+7E3D_00	總	
U+7E3D_U+7763_00	總督	
U+7E3D_U+7D71_00	總統	
U+707D_00	災	
U+9F4B_00	齋	
U+50B5_00	債	
U+796D_00	祭	
U+88FD_00	製	
U+969B_00	際	
U+5750_00	坐	
U+88FD_U+9020_00	製造	
U+795D_00	祝	
U+8DB3_00	足	
U+8DB3_U+82B3_00	足芳	
U+795D_U+798F_00	祝福	
U+5C07_00	將	
U+7AE0_00	章	
U+7A2E_00	種	
U+5F9E_00	從	
U+7D42_U+6B78_00	終歸	
U+7D42_U+9EDE_00	終點	
U+5C07_U+4F86_00	將來	
U+773E_U+751F_00	眾生	
U+773E_U+795E_00	眾神	
U+5F70_U+5316_00	彰化	
U+7AE0_U+6CD5_00	章法	
U+53D4_00	叔	
U+714E_00	煎	
U+524D_00	前	
U+524D_U+7A0B_00	前程	
U+524D_U+9032_00	前進	
U+6298_U+78E8_00	折磨	
U+9418_00	鐘	
U+6B63_01	正	
U+524D_01	前	
U+60C5_01	情	
U+66FE_01	曾	
U+66FE_U+7D93_00	曾經	
U+60C5_U+6B4C_00	情歌	
U+653F_U+6CBB_00	政治	
U+524D_U+8DEF_00	前路	
U+60C5_U+8DEF_00	情路	
U+60C5_U+611B_00	情愛	
U+60C5_U+8A71_00	情話	
U+60C5_U+610F_00	情意	
U+60C5_U+6279_00	情批	
U+60C5_U+6D77_00	情海	
U+653F_U+5E9C_00	政府	
U+60C5_U+4EFD_00	情份	
U+505A_00	做	
U+5EA7_00	座	
U+505A_U+5DE5_00	做工	
U+505A_U+5175_00	做兵	
U+9020_U+6210_00	造成	
U+505A_U+4F19_00	做伙	
U+6628_00	昨	
U+7D19_00	紙	
U+86C7_00	蛇	
U+901D_00	逝	
U+7D19_U+5B57_00	紙字	
U+5168_00	全	
U+8F49_U+9054_00	轉達	
U+8F49_U+8F2A_U+8056_U+738B_00	轉輪聖王	
U+5168_U+90E8_00	全部	
U+5168_U+4E16_U+754C_00	全世界	
U+6CC9_U+6F33_00	泉漳	
U+6CC9_U+6F33_U+8A71_00	泉漳話	
U+6CC9_U+5DDE_00	泉州	
U+7D55_U+671B_00	絕望	
U+7D55_U+60C5_00	絕情	
U+600E_U+6A23_00	怎樣	
U+7E12_00	縒	
U+505A_01	做	
U+9F4A_00	齊	
U+3A7C_00	㩼	
U+505A_U+5DE5_01	做工	
U+505A_U+5B98_00	做官	
U+505A_U+9663_00	做陣	
U+505A_U+4EBA_00	做人	
U+505A_U+843D_00	做落	
U+505A_U+5922_00	做夢	
U+505A_U+4F34_00	做伴	
U+505A_U+4F19_01	做伙	
U+62DB_00	招	
U+7167_01	照	
U+7167_U+93E1_00	照鏡	
U+62DB_U+547C_00	招呼	
U+501F_00	借	
U+77F3_U+7345_00	石獅	
U+77F3_U+982D_00	石頭	
U+66F8_00	書	
U+73E0_00	珠	
U+4E3B_00	主	
U+5B50_00	子	
U+716E_00	煮	
U+6CE8_00	注	
U+6148_00	慈	
U+81EA_00	自	
U+81EA_U+5F37_U+865F_00	自強號	
U+4E3B_U+898B_00	主見	
U+4E3B_U+5B98_00	主官	
U+81EA_U+5DF1_00	自己	
U+8A3B_U+5B9A_00	註定	
U+5B50_U+5F1F_00	子弟	
U+8A3B_U+5B9A_01	註定	
U+81EA_U+7136_00	自然	
U+6CE8_U+5165_00	注入	
U+4E3B_U+4EBA_00	主人	
U+73E0_U+6DDA_00	珠淚	
U+6ECB_U+5473_00	滋味	
U+5B50_U+6C11_00	子民	
U+4E3B_U+8981_00	主要	
U+81EA_U+7531_00	自由	
U+81EA_U+7531_U+81EA_U+5728_00	自由自在	
U+81EA_U+5728_00	自在	
U+716E_U+98DF_00	煮食	
U+81EA_U+4F5C_U+591A_U+60C5_00	自作多情	
U+6E96_00	準	
U+4FCA_00	俊	
U+5B58_00	存	
U+8239_00	船	
U+9663_00	陣	
U+5C0A_U+56B4_00	尊嚴	
U+6E96_U+5099_00	準備	
U+5B58_U+5728_00	存在	
U+8239_U+96BB_00	船隻	
U+9663_U+9663_00	陣陣	
U+6700_00	最	
U+7F6A_00	罪	
U+6700_U+5F8C_00	最後	
U+6C34_01	水	
U+9189_00	醉	
U+9189_U+832B_U+832B_00	醉茫茫	
U+6C34_U+6676_00	水晶	
U+5B88_00	守	
U+9152_00	酒	
U+5C31_00	就	
U+9152_U+91CF_00	酒量	
U+9152_U+4ED9_00	酒仙	
U+5DDE_U+5E9C_00	州府	
U+4E0A_01	上	
U+6F33_U+6D66_00	漳浦	
U+5B50_U+5F1F_01	子弟	
U+599D_00	妝	
U+88DD_00	裝	
U+947D_U+5B54_00	鑽孔	
U+5B50_01	子	
U+53EA_00	只	
U+59CA_00	姊	
U+6307_00	指	
U+5FD7_00	志	
U+8A8C_00	誌	
U+6307_U+9EDE_00	指點	
U+59CA_U+59B9_00	姊妹	
U+53EA_U+4E0D_U+904E_00	只不過	
U+59CA_U+59B9_01	姊妹	
U+53EA_U+8981_00	只要	
U+6307_U+5F15_00	指引	
U+5FD7_U+6C23_00	志氣	
U+771F_00	真	
U+9707_00	震	
U+76E1_00	盡	
U+6649_U+6C5F_00	晉江	
U+9707_U+6771_00	震東	
U+771F_U+5FC3_00	真心	
U+771F_U+6B63_00	真正	
U+771F_U+60C5_00	真情	
U+771F_U+771F_U+5047_U+5047_00	真真假假	
U+4E00_01	一	
U+9019_00	這	
U+4E00_U+5DE5_00	一工	
U+4E00_U+4E2A_00	一个	
U+4E00_U+500B_U+6708_00	一個月	
U+4E00_U+5BE1_00	一寡	
U+4E00_U+53E5_00	一句	
U+4E00_U+652F_00	一支	
U+4E00_U+679D_00	一枝	
U+4E00_U+9EDE_00	一點	
U+4E00_U+9EDE_U+4ED4_00	一點仔	
U+4E00_U+689D_00	一條	
U+4E00_U+68DF_00	一棟	
U+4E00_U+6BB5_00	一段	
U+4E00_U+5F35_00	一張	
U+4E00_U+5834_00	一場	
U+4E00_U+6EF4_00	一滴	
U+4E00_U+65E5_00	一日	
U+4E00_U+4EBA_00	一人	
U+4E00_U+8DEF_00	一路	
U+4E00_U+767E_U+7B8D_00	一百箍	
U+4E00_U+64FA_00	一擺	
U+4E00_U+6B65_00	一步	
U+4E00_U+534A_00	一半	
U+4E00_U+672C_00	一本	
U+4E00_U+676F_00	一杯	
U+4E00_U+76EE_00	一目	
U+4E00_U+842C_U+7B8D_00	一萬箍	
U+4E00_U+5E55_00	一幕	
U+4E00_U+79D2_00	一秒	
U+4E00_U+5C3E_00	一尾	
U+4E00_U+9762_00	一面	
U+4E00_U+8072_00	一聲	
U+4E00_U+7D72_00	一絲	
U+4E00_U+6642_00	一時	
U+4E00_U+4E16_U+4EBA_00	一世人	
U+4E00_U+6697_00	一暗	
U+9019_U+4E2A_00	這个	
U+4E00_U+4E2A_01	一个	
U+4E00_U+4E2A_U+4EBA_00	一个人	
U+4E00_U+7AD9_00	一站	
U+4E00_U+6B09_00	一欉	
U+4E00_U+96BB_00	一隻	
U+4E00_U+7A2E_00	一種	
U+9019_U+9663_00	這陣	
U+4E00_U+9663_00	一陣	
U+4E00_U+5343_U+7B8D_00	一千箍	
U+4E00_U+540B_00	一吋	
U+4E00_U+51FA_00	一出	
U+4E00_U+5599_00	一喙	
U+4E00_U+7B8D_00	一箍	
U+4E00_U+6524_00	一攤	
U+4E00_U+5206_00	一分	
U+9322_00	錢	
U+9322_U+9280_00	錢銀	
U+87F3_00	蟳	
U+659F_U+914C_00	斟酌	
U+820C_00	舌	
U+5435_00	吵	
U+7092_00	炒	
U+7092_U+7CBF_U+689D_00	炒粿條	
U+5435_U+9B27_00	吵鬧	
U+7092_U+98EF_00	炒飯	
U+7092_U+7C73_U+7C89_00	炒米粉	
U+53C9_U+71D2_00	叉燒	
U+5435_U+5435_U+9B27_U+9B27_00	吵吵鬧鬧	
U+947F_00	鑿	
U+7530_01	田	
U+647B_00	摻	
U+63D2_00	插	
U+85CF_00	藏	
U+63D2_U+8349_00	插草	
U+8349_00	草	
U+81ED_00	臭	
U+5435_U+9B27_01	吵鬧	
U+81ED_U+81ED_00	臭臭	
U+81ED_U+8033_U+807E_00	臭耳聾	
U+5F69_00	彩	
U+63A1_00	採	
U+83DC_00	菜	
U+83DC_U+5E02_00	菜市	
U+83DC_U+5E02_U+4ED4_00	菜市仔	
U+83DC_U+982D_U+7CBF_00	菜頭粿	
U+8ECA_00	車	
U+8ECA_U+8F26_00	車輦	
U+8ECA_U+7AD9_00	車站	
U+8ECA_U+982D_00	車頭	
U+8ACB_00	請	
U+665F_00	晟	
U+8ACB_U+554F_00	請問	
U+665F_U+990A_00	晟養	
U+7C64_00	籤	
U+7C64_U+8A69_00	籤詩	
U+64A8_00	撨	
U+6084_U+6084_00	悄悄	
U+521D_00	初	
U+7C97_00	粗	
U+918B_00	醋	
U+7C97_U+9B6F_00	粗魯	
U+521D_U+6200_00	初戀	
U+521D_U+6B65_00	初步	
U+5275_00	創	
U+5275_U+6CBB_00	創治	
U+6EC4_U+6851_00	滄桑	
U+5275_U+7A7A_00	創空	
U+53C9_00	叉	
U+661F_00	星	
U+9752_00	青	
U+9752_U+8272_00	青色	
U+751F_U+751F_00	生生	
U+9752_U+888D_00	青袍	
U+751F_U+4EFD_00	生份	
U+518A_00	冊	
U+6C96_00	沖	
U+885D_00	衝	
U+8594_U+8587_00	薔薇	
U+5343_00	千	
U+5343_U+91D1_00	千金	
U+5343_U+767E_00	千百	
U+5343_U+5C71_U+842C_U+6C34_00	千山萬水	
U+5343_U+5343_U+842C_U+842C_00	千千萬萬	
U+5343_U+932F_U+842C_U+932F_00	千錯萬錯	
U+6DFA_U+62D6_00	淺拖	
U+5207_U+65B7_00	切斷	
U+5343_01	千	
U+6E05_00	清	
U+9283_00	銃	
U+7A7F_00	穿	
U+5343_U+5E74_00	千年	
U+7A7F_U+886B_00	穿衫	
U+6E05_U+9192_00	清醒	
U+6E05_U+695A_00	清楚	
U+9752_U+6625_00	青春	
U+6E05_U+9192_01	清醒	
U+5343_U+7B8D_00	千箍	
U+6E05_U+6C23_00	清氣	
U+6E05_U+82B3_00	清芳	
U+6E05_U+98A8_00	清風	
U+6E05_U+83EF_00	清華	
U+932F_00	錯	
U+241AC_00	𤆬	
U+8521_U+539D_U+6E2F_00	蔡厝港	
U+5598_00	喘	
U+521D_01	初	
U+521D_U+4E00_00	初一	
U+521D_U+4E00_U+5341_U+4E94_00	初一十五	
U+7B11_00	笑	
U+7B11_U+6587_U+6587_00	笑文文	
U+7B11_U+5BB9_00	笑容	
U+7B11_U+8A7C_00	笑詼	
U+6B64_00	此	
U+539D_00	厝	
U+539D_U+5167_00	厝內	
U+539D_U+5167_U+4EBA_00	厝內人	
U+539D_U+908A_U+982D_U+5C3E_00	厝邊頭尾	
U+8DA3_U+5473_00	趣味	
U+6625_00	春	
U+8CF0_00	賰	
U+6625_U+5929_00	春天	
U+6625_U+590F_U+79CB_U+51AC_00	春夏秋冬	
U+6625_U+96E8_00	春雨	
U+6625_U+98A8_00	春風	
U+51FA_00	出	
U+51FA_U+5AC1_00	出嫁	
U+51FA_U+696D_00	出業	
U+51FA_U+65E5_00	出日	
U+51FA_U+529B_00	出力	
U+51FA_U+9580_00	出門	
U+51FA_U+8072_00	出聲	
U+51FA_U+4E16_00	出世	
U+51FA_U+53E3_00	出口	
U+51FA_U+982D_U+5929_00	出頭天	
U+51FA_U+73FE_00	出現	
U+5439_00	吹	
U+63E3_00	揣	
U+50AC_00	催	
U+5599_00	喙	
U+5599_U+7126_00	喙焦	
U+5599_U+8123_00	喙脣	
U+5599_U+908A_00	喙邊	
U+5599_U+820C_00	喙舌	
U+79CB_00	秋	
U+624B_00	手	
U+624B_U+5DFE_00	手巾	
U+624B_U+6A5F_00	手機	
U+624B_U+6A5F_U+4ED4_00	手機仔	
U+6A39_U+9802_00	樹頂	
U+624B_U+5167_00	手內	
U+6A39_U+6728_00	樹木	
U+79CB_U+5929_00	秋天	
U+6A39_U+7BAC_00	樹箬	
U+5531_00	唱	
U+50CF_00	像	
U+5531_U+6B4C_00	唱歌	
U+9F20_00	鼠	
U+75F4_00	痴	
U+523A_00	刺	
U+8A66_00	試	
U+5E02_00	市	
U+98FC_00	飼	
U+523A_U+6FC0_00	刺激	
U+5E02_U+9577_00	市長	
U+5E02_U+9577_01	市長	
U+75F4_U+5FC3_00	痴心	
U+75F4_U+60C5_00	痴情	
U+60BD_U+6158_00	悽慘	
U+8A66_U+770B_U+8993_00	試看覓	
U+89AA_00	親	
U+89AA_U+611B_00	親愛	
U+89AA_U+53CB_00	親友	
U+89AA_U+60C5_00	親情	
U+89AA_U+60C5_01	親情	
U+51CA_U+5F69_00	凊彩	
U+89AA_U+50CF_00	親像	
U+4E03_00	七	
U+62ED_00	拭	
U+62ED_U+6C57_00	拭汗	
U+4E03_U+767E_00	七百	
U+59FC_U+4ED4_00	姼仔	
U+4E03_U+65E9_U+516B_U+65E9_00	七早八早	
U+4E03_U+5341_00	七十	
U+4E03_U+5206_00	七分	
U+661F_01	星	
U+9752_01	青	
U+9192_U+2019_U+B798_00	醒’래	
U+6DF1_00	深	
U+6DF1_U+6DF1_00	深深	
U+6DF1_U+5751_00	深坑	
U+8DE4_00	跤	
U+6572_00	敲	
U+8DE4_U+8E0F_00	跤踏	
U+8DE4_U+8E0F_U+5BE6_U+5730_00	跤踏實地	
U+8DE4_U+8E0F_U+8ECA_00	跤踏車	
U+6572_U+96FB_U+8A71_00	敲電話	
U+6572_U+9580_00	敲門	
U+8DE4_U+6B65_00	跤步	
U+5C3B_U+5DDD_00	尻川	
U+8DE4_U+982D_U+8DBA_00	跤頭趺	
U+8DE4_U+982D_U+8DBA_01	跤頭趺	
U+78BA_U+5B9A_00	確定	
U+727D_00	牽	
U+582A_00	堪	
U+5D01_00	崁	
U+574E_U+574E_U+523B_U+523B_00	坎坎刻刻	
U+574E_U+574E_U+5777_U+5777_00	坎坎坷坷	
U+574E_U+6B39_00	坎欹	
U+574E_U+5777_00	坎坷	
U+7A7A_00	空	
U+7A7A_U+5599_U+8584_U+820C_00	空喙薄舌	
U+7A7A_U+7A7A_00	空空	
U+7A7A_U+865B_00	空虛	
U+53E3_00	口	
U+54ED_00	哭	
U+54ED_U+7238_00	哭爸	
U+54ED_U+7238_U+54ED_U+6BCD_00	哭爸哭母	
U+958B_00	開	
U+958B_U+59CB_00	開始	
U+5F9B_00	徛	
U+9A0E_00	騎	
U+6B20_00	欠	
U+6B20_U+50B5_00	欠債	
U+5DE7_00	巧	
U+7B8D_00	箍	
U+9846_00	顆	
U+82E6_00	苦	
U+8932_00	褲	
U+82E6_U+6F80_00	苦澀	
U+82E6_U+8877_00	苦衷	
U+82E6_U+695A_00	苦楚	
U+82E6_U+52F8_00	苦勸	
U+60BE_00	悾	
U+6846_00	框	
U+7A7A_U+6C23_00	空氣	
U+5BA2_00	客	
U+6050_U+9A5A_00	恐驚	
U+523B_00	刻	
U+514B_U+8667_00	克虧	
U+82A1_U+82B3_00	芡芳	
U+53EF_00	可	
U+8003_00	考	
U+9760_00	靠	
U+53EF_U+6190_00	可憐	
U+53EF_U+80FD_00	可能	
U+53EF_U+6BD4_00	可比	
U+53EF_U+60DC_00	可惜	
U+53EF_U+611B_00	可愛	
U+53EF_U+4EE5_00	可以	
U+9760_U+7AD9_00	靠站	
U+9760_U+5CB8_00	靠岸	
U+53EF_01	可	
U+6B3E_00	款	
U+770B_00	看	
U+770B_U+9867_00	看顧	
U+770B_U+898B_00	看見	
U+770B_U+8993_00	看覓	
U+770B_U+7834_00	看破	
U+95CA_00	闊	
U+5FEB_00	快	
U+5FEB_U+6A02_00	快樂	
U+5340_00	區	
U+8EC0_00	軀	
U+774F_00	睏	
U+56F0_U+96E3_00	困難	
U+774F_U+2019_U+D088_00	睏’킈	
U+958B_01	開	
U+6C23_00	氣	
U+6C23_U+529B_00	氣力	
U+958B_U+9580_00	開門	
U+958B_U+5F80_00	開往	
U+958B_U+8ECA_00	開車	
U+958B_U+5599_00	開喙	
U+958B_U+82B1_00	開花	
U+5FEB_U+6D3B_00	快活	
U+56E5_00	囥	
U+53BB_00	去	
U+8D77_00	起	
U+6C23_01	氣	
U+8D77_U+884C_00	起行	
U+6C23_U+5473_00	氣味	
U+8D77_U+75DF_00	起痟	
U+8D77_U+8EAB_00	起身	
U+6C23_U+8EAB_U+60F1_U+547D_00	氣身惱命	
U+8F15_00	輕	
U+8F15_U+9B06_00	輕鬆	
U+8F15_U+8072_00	輕聲	
U+52E4_U+5109_00	勤儉	
U+8F15_U+53EF_00	輕可	
U+8F15_U+8F15_00	輕輕	
U+4E5E_U+98DF_00	乞食	
U+7434_00	琴	
U+4ED6_U+9109_00	他鄉	
U+8B80_00	讀	
U+8B80_U+66F8_00	讀書	
U+8B80_U+518A_00	讀冊	
U+8D81_00	趁	
U+5766_U+767D_00	坦白	
U+63A2_U+807D_00	探聽	
U+7A97_00	窗	
U+901A_00	通	
U+87F2_00	蟲	
U+7A97_U+5916_00	窗外	
U+7A97_U+4ED4_00	窗仔	
U+5077_00	偷	
U+900F_00	透	
U+982D_00	頭	
U+982D_U+5BB6_00	頭家	
U+982D_U+8166_00	頭腦	
U+5077_U+62C8_00	偷拈	
U+982D_U+8DEF_00	頭路	
U+982D_U+6BDB_00	頭毛	
U+982D_U+524D_00	頭前	
U+982D_U+5599_00	頭喙	
U+5077_U+5077_00	偷偷	
U+5077_U+807D_00	偷聽	
U+592A_00	太	
U+5F85_00	待	
U+6CF0_U+570B_00	泰國	
U+6CF0_U+570B_U+4EBA_00	泰國人	
U+614B_U+5EA6_00	態度	
U+807D_00	聽	
U+75BC_00	疼	
U+807D_U+8B1B_00	聽講	
U+807D_U+898B_00	聽見	
U+807D_U+4EBA_U+8B1B_00	聽人講	
U+807D_U+4EBA_U+5531_00	聽人唱	
U+75BC_U+60DC_00	疼惜	
U+75BC_U+5FC3_00	疼心	
U+75BC_U+75DB_00	疼痛	
U+62C6_00	拆	
U+8DF3_00	跳	
U+6311_U+5DE5_00	挑工	
U+8DF3_U+2019_U+B877_U+D088_00	跳’롷킈	
U+5154_00	兔	
U+5410_00	吐	
U+5410_U+6C99_00	吐沙	
U+5857_U+8DE4_00	塗跤	
U+901A_01	通	
U+9AD4_00	體	
U+63D0_00	提	
U+9AD4_U+9A57_00	體驗	
U+9AD4_U+8AD2_00	體諒	
U+63D0_U+8D77_00	提起	
U+9000_U+4E0B_00	退下	
U+9AD4_U+6703_00	體會	
U+66A2_00	暢	
U+5929_U+7136_00	天然	
U+5929_U+4E0A_00	天上	
U+985B_U+8E31_00	顛踱	
U+5929_U+4EFD_00	天份	
U+4EAD_00	亭	
U+4EAD_U+4ED4_U+8DE4_00	亭仔跤	
U+8A0E_U+50B5_00	討債	
U+6843_U+5712_00	桃園	
U+62D6_00	拖	
U+62D6_U+4ED4_00	拖仔	
U+50B3_00	傳	
U+6524_00	攤	
U+5C5C_00	屜	
U+66FF_00	替	
U+6311_00	挑	
U+541E_00	吞	
U+69CC_U+69CC_00	槌槌	
U+62BD_00	抽	
U+6E6F_00	湯	
U+7CD6_00	糖	
U+7CD6_U+7518_U+871C_U+751C_00	糖甘蜜甜	
U+6E6F_U+5319_00	湯匙	
U+557C_00	啼	
U+5929_00	天	
U+5929_U+5149_00	天光	
U+5929_U+9802_00	天頂	
U+5929_U+908A_00	天邊	
U+5929_U+8272_00	天色	
U+5929_U+6416_U+5730_U+52D5_00	天搖地動	
U+5929_U+661F_00	天星	
U+5929_U+6C23_00	天氣	
U+725A_U+817F_00	牚腿	
U+9435_00	鐵	
U+9435_U+6AE5_00	鐵櫥	
U+9435_U+93C8_00	鐵鏈	
U+62CB_U+62CB_U+8D70_00	拋拋走	
U+66DD_00	曝	
U+66DD_U+65E5_00	曝日	
U+5945_00	奅	
U+82B3_00	芳	
U+6367_00	捧	
U+82B3_U+5473_00	芳味	
U+62CD_00	拍	
U+62CD_U+62DA_00	拍拚	
U+62CD_U+7B97_00	拍算	
U+62CD_U+62DB_U+547C_00	拍招呼	
U+62CD_U+958B_00	拍開	
U+6CE1_00	泡	
U+6CE1_U+8336_00	泡茶	
U+6CE1_U+9EB5_00	泡麵	
U+6B79_00	歹	
U+6B79_U+56DD_00	歹囝	
U+6B79_U+884C_00	歹行	
U+6B79_U+904E_00	歹過	
U+6B79_U+52E2_00	歹勢	
U+6B79_U+904B_00	歹運	
U+6B79_U+6B3E_00	歹款	
U+6B79_U+770B_00	歹看	
U+98C4_00	飄	
U+98C4_U+6D6A_00	飄浪	
U+98C4_U+98C4_00	飄飄	
U+98C4_U+6487_00	飄撇	
U+666E_00	普	
U+8B5C_00	譜	
U+83E9_U+85A9_00	菩薩	
U+666E_U+901A_00	普通	
U+535A_U+7269_U+9928_00	博物館	
U+535A_U+58EB_00	博士	
U+81A8_U+98A8_00	膨風	
U+78A7_U+5C71_00	碧山	
U+9A19_00	騙	
U+9A19_U+4EBA_00	騙人	
U+9A19_U+5B50_00	騙子	
U+504F_U+504F_00	偏偏	
U+6487_00	撇	
U+6487_U+6B65_00	撇步	
U+6CE2_00	波	
U+62B1_00	抱	
U+6CE2_U+6D6A_00	波浪	
U+6CE2_U+7D0B_00	波紋	
U+7834_00	破	
U+7834_U+8179_00	破腹	
U+7834_U+75C5_00	破病	
U+7834_U+75C5_01	破病	
U+4F34_00	伴	
U+7968_00	票	
U+6D6E_00	浮	
U+6D6E_U+6C89_00	浮沉	
U+6F58_00	潘	
U+6279_00	批	
U+914D_00	配	
U+76AE_00	皮	
U+88AB_U+55AE_00	被單	
U+76AE_U+819A_00	皮膚	
U+5C41_00	屁	
U+813E_U+6C23_00	脾氣	
U+54C1_00	品	
U+7247_00	片	
U+9F3B_00	鼻	
U+9F3B_U+5C4E_00	鼻屎	
U+9F3B_U+7A7A_00	鼻空	
U+4E0B_U+8AB2_00	下課	
U+5B78_U+751F_00	學生	
U+5B78_U+58EB_00	學士	
U+6F22_00	漢	
U+9650_00	限	
U+97D3_U+570B_00	韓國	
U+97D3_U+570B_U+4EBA_00	韓國人	
U+5BD2_U+51AC_00	寒冬	
U+6F22_U+5B57_00	漢字	
U+86B6_00	蚶	
U+8B40_00	譀	
U+548C_00	和	
U+8B40_U+53EB_00	譀叫	
U+86B6_U+4ED4_00	蚶仔	
U+822A_00	航	
U+9805_00	項	
U+80A8_U+5976_00	肨奶	
U+964D_U+4F0F_00	降伏	
U+543C_00	吼	
U+5F8C_U+751F_00	後生	
U+5F8C_U+751F_01	後生	
U+6D77_00	海	
U+9084_00	還	
U+5BB3_00	害	
U+6D77_U+89D2_00	海角	
U+6D77_U+4E0A_00	海上	
U+6D77_U+6E67_00	海湧	
U+6D77_U+6C34_00	海水	
U+6D77_U+6D77_00	海海	
U+6D77_U+98A8_00	海風	
U+6D77_U+5CB8_00	海岸	
U+5144_00	兄	
U+5144_U+5F1F_00	兄弟	
U+5144_U+5F1F_U+59CA_U+59B9_00	兄弟姊妹	
U+5144_U+5F1F_U+59CA_U+59B9_01	兄弟姊妹	
U+859F_00	薟	
U+5ACC_00	嫌	
U+859F_U+6912_00	薟椒	
U+97FF_00	響	
U+97FF_U+8D77_00	響起	
U+9050_00	遐	
U+9050_U+9087_00	遐邇	
U+66C9_00	曉	
U+56C2_U+4FF3_00	囂俳	
U+864E_00	虎	
U+8B77_00	護	
U+96E8_00	雨	
U+96E8_U+8072_00	雨聲	
U+4E92_U+76F8_00	互相	
U+96E8_U+5098_00	雨傘	
U+8B77_U+7167_00	護照	
U+96E8_U+6C34_00	雨水	
U+798F_00	福	
U+798F_U+5EFA_00	福建	
U+798F_U+5EFA_U+4EBA_00	福建人	
U+798F_U+5EFA_U+9EB5_00	福建麵	
U+798F_U+5EFA_U+8A71_00	福建話	
U+8907_U+88FD_00	複製	
U+798F_U+6C23_00	福氣	
U+98A8_00	風	
U+98A8_U+666F_00	風景	
U+653E_U+8569_00	放蕩	
U+7687_U+5E1D_00	皇帝	
U+98A8_U+4E2D_00	風中	
U+5949_U+966A_00	奉陪	
U+98A8_U+971C_00	風霜	
U+98A8_U+6E67_00	風湧	
U+98A8_U+96E8_00	風雨	
U+98A8_U+5439_00	風吹	
U+98A8_U+98B1_00	風颱	
U+98A8_U+96E8_01	風雨	
U+98A8_U+98A8_U+96E8_U+96E8_00	風風雨雨	
U+9EC3_U+660F_00	黃昏	
U+8766_00	蝦	
U+4E0B_U+843D_U+4E0D_U+660E_00	下落不明	
U+90C1_00	郁	
U+5411_00	向	
U+9999_U+6E2F_00	香港	
U+5411_U+524D_U+884C_00	向前行	
U+96C4_U+96C4_00	雄雄	
U+737B_00	獻	
U+73FE_U+4EE3_00	現代	
U+73FE_U+8EAB_00	現身	
U+73FE_U+5BE6_00	現實	
U+8208_00	興	
U+8861_00	衡	
U+5E78_00	幸	
U+884C_U+674E_00	行李	
U+5F62_U+5F71_00	形影	
U+884C_U+70BA_00	行為	
U+884C_U+8E64_00	行蹤	
U+8208_U+8DA3_00	興趣	
U+80F8_U+574E_00	胸坎	
U+5E78_U+798F_00	幸福	
U+597D_00	好	
U+4F55_00	何	
U+548C_01	和	
U+6CB3_00	河	
U+865F_00	號	
U+597D_U+56DD_00	好囝	
U+597D_U+984D_00	好額	
U+597D_U+8336_00	好茶	
U+597D_U+547D_00	好命	
U+4F55_U+5FC5_00	何必	
U+597D_U+5922_00	好夢	
U+597D_U+52E2_00	好勢	
U+4F55_U+6642_00	何時	
U+597D_U+904B_00	好運	
U+597D_U+98DF_00	好食	
U+597D_U+6C34_00	好水	
U+597D_U+8ECA_00	好車	
U+4F55_U+8655_00	何處	
U+597D_U+770B_00	好看	
U+597D_U+6B79_00	好歹	
U+597D_U+6F22_00	好漢	
U+597D_U+597D_00	好好	
U+83EF_00	華	
U+83EF_U+8A9E_00	華語	
U+82B1_U+5BB9_U+6708_U+8C8C_00	花容月貌	
U+53CD_00	反	
U+51E1_00	凡	
U+7169_00	煩	
U+74B0_00	環	
U+7E41_00	繁	
U+74B0_U+5883_00	環境	
U+6B61_U+8FCE_00	歡迎	
U+7169_U+60F1_00	煩惱	
U+53CD_U+80CC_00	反背	
U+51E1_U+52E2_00	凡勢	
U+51E1_U+4E8B_00	凡事	
U+5E7B_U+5316_00	幻化	
U+7E41_U+83EF_00	繁華	
U+7E41_U+82B1_00	繁花	
U+6CD5_00	法	
U+767C_00	發	
U+6CD5_U+5EA6_00	法度	
U+767C_U+5C55_00	發展	
U+6CD5_U+5BF6_00	法寶	
U+767C_U+751F_00	發生	
U+767C_U+73FE_00	發現	
U+6B61_00	歡	
U+5CB8_00	岸	
U+634D_00	捍	
U+634D_U+8ECA_00	捍車	
U+6B61_U+6B61_U+559C_U+559C_00	歡歡喜喜	
U+6B61_U+559C_00	歡喜	
U+61F7_U+7591_00	懷疑	
U+6A6B_U+76F4_00	橫直	
U+5F8C_U+679C_00	後果	
U+5F8C_U+6094_00	後悔	
U+6B47_U+774F_00	歇睏	
U+70CC_00	烌	
U+4ED8_00	付	
U+99D9_U+99AC_00	駙馬	
U+8CA0_U+8CAC_U+4EFB_00	負責任	
U+5206_01	分	
U+85B0_00	薰	
U+7C89_00	粉	
U+596E_00	奮	
U+75D5_00	痕	
U+96F2_00	雲	
U+9B42_00	魂	
U+5206_02	分	
U+6068_00	恨	
U+660F_00	昏	
U+7C89_U+7CBF_00	粉粿	
U+596E_U+9B25_00	奮鬥	
U+96F2_U+4E2D_00	雲中	
U+75D5_U+8DE1_00	痕跡	
U+5206_U+96E2_00	分離	
U+96F2_U+6797_00	雲林	
U+72E0_U+5FC3_00	狠心	
U+96F2_U+7159_00	雲煙	
U+96F2_U+904A_U+56DB_U+6D77_00	雲遊四海	
U+5206_U+958B_00	分開	
U+96F2_U+6D77_00	雲海	
U+7D1B_U+98DB_00	紛飛	
U+5FFD_00	忽	
U+5FFD_U+7136_00	忽然	
U+82B1_00	花	
U+706B_00	火	
U+6B72_00	歲	
U+56DE_00	回	
U+706B_U+8457_00	火著	
U+56DE_U+79AE_00	回禮	
U+82B1_U+854A_00	花蕊	
U+706B_U+71D2_00	火燒	
U+706B_U+738B_U+723A_00	火王爺	
U+82B1_U+96E8_00	花雨	
U+706B_U+8ECA_00	火車	
U+6B72_U+982D_00	歲頭	
U+56DE_U+982D_00	回頭	
U+56DE_U+822A_00	回航	
U+82B1_U+5712_00	花園	
U+8840_00	血	
U+8F1D_00	輝	
U+98DB_U+6A5F_01	飛機	
U+60E0_U+5B89_00	惠安	
U+9999_00	香	
U+9060_00	遠	
U+9060_U+9060_00	遠遠	
U+9B5A_00	魚	
U+559C_00	喜	
U+6232_00	戲	
U+6232_U+5F04_00	戲弄	
U+5E0C_U+671B_00	希望	
U+7A00_U+5FAE_00	稀微	
U+72A7_U+7272_00	犧牲	
U+5F7C_00	彼	
U+5F7C_U+4E2A_00	彼个	
U+8033_00	耳	
U+8033_U+7A7A_00	耳空	
U+7FD5_00	翕	
U+786C_00	硬	
U+786C_01	硬	
U+4E8C_U+5341_01	二十	
U+4E8C_U+5341_U+7B8D_01	二十箍	
U+5169_U+5343_U+7B8D_01	兩千箍	
U+B990_U+D638_01	릐호	
U+660E_U+4ED4_U+8F09_01	明仔載	
U+65B0_U+52A0_U+5761_01	新加坡	
U+4E00_U+5343_U+7B8D_01	一千箍	
U+5343_U+7B8D_01	千箍	
U+50B3_U+8AAA_01	傳說	
U+8CA7_U+60F0_01	貧惰	
U+0030_00	0	
U+0031_00	1	
U+0032_00	2	
U+0033_00	3	
U+0034_00	4	
U+0035_00	5	
U+0036_00	6	
U+0037_00	7	
U+0038_00	8	
U+0039_00	9	
