lookup_key	entry	entry_id	rank
ᄀᅷ	猴	U+7334_00	2
ᄀᅷ	厚	U+539A_00	3
ᄀᅷ	九	U+4E5D_00	6
ᄀᅷ	狗	U+72D7_00	7
ᄅᅷ	漏	U+6F0F_00	6
ᄌᆤ	照	U+7167_00	1
ᄐᅷ	頭	U+982D_00	1
ᄐᅷ	透	U+900F_00	2
一	一	U+4E00_01	1
一十五	一	U+4E00_01	1
一名	一	U+4E00_01	1
傷	傷	U+50B7_01	1
光	光	U+5149_01	1
初	初	U+521D_01	1
地	地	U+5730_01	1
地動	地	U+5730_01	1
子	子	U+5B50_01	1
家	家	U+5BB6_01	1
市長	市長	U+5E02_U+9577_01	1
心情	心情	U+5FC3_U+60C5_01	1
想	想	U+60F3_01	1
暗暝	暗暝	U+6697_U+669D_01	1
氣	氣	U+6C23_01	1
用心肝	用	U+7528_00	1
當	當	U+7576_02	1
相	相	U+76F8_02	1
相揣	相	U+76F8_02	1
短	短	U+77ED_01	1
가	家	U+5BB6_00	6
감	甘	U+7518_00	4
걀	件	U+4EF6_00	2
걀	行	U+884C_00	3
걀	京	U+4EAC_00	5
겅	光	U+5149_00	3
게	低	U+4F4E_00	4
괄	汗	U+6C57_00	2
기	機	U+6A5F_00	5
능	軟	U+8EDF_00	3
단	但	U+4F46_00	3
당	當	U+7576_01	5
당	當	U+7576_00	6
당	冬	U+51AC_00	7
덩	東	U+6771_01	4
데	茶	U+8336_00	1
데	第	U+7B2C_00	2
뎽	定	U+5B9A_01	2
뎽	頂	U+9802_00	3
등	當	U+7576_05	6
띤수	人士	U+4EBA_U+58EB_00	1
러	路	U+8DEF_00	2
믕	毛	U+6BDB_00	3
볭	爿	U+723F_00	3
보	寶	U+5BF6_00	3
빤	閩	U+95A9_00	3
삐	美	U+7F8E_00	4
삔	民	U+6C11_00	3
살	啥	U+5565_00	2
서	所	U+6240_00	1
세	世	U+4E16_00	1
셩	上	U+4E0A_00	1
셩	常	U+5E38_00	3
솰	傘	U+5098_00	4
쇼	小	U+5C0F_00	2
수	事	U+4E8B_00	3
수	士	U+58EB_00	4
시	時	U+6642_00	5
시	四	U+56DB_00	6
신	神	U+795E_00	2
어	湖	U+6E56_00	2
어	芋	U+828B_00	3
에	挨	U+6328_00	4
영	用	U+7528_00	1
유	憂	U+6182_00	6
율	羊	U+7F8A_00	2
제	坐	U+5750_00	2
제	祭	U+796D_00	8
졍	從	U+5F9E_00	3
졩	鐘	U+9418_00	4
죄	㩼	U+3A7C_00	1
주	子	U+5B50_00	4
주	注	U+6CE8_00	5
주	主	U+4E3B_00	6
주	書	U+66F8_00	7
주	珠	U+73E0_00	8
준	陣	U+9663_00	3
준	俊	U+4FCA_00	5
진	盡	U+76E1_00	2
처	初	U+521D_00	3
쳥	衝	U+885D_00	1
허	虎	U+864E_00	4
혱	幸	U+5E78_00	2
호	號	U+865F_00	3
훈	分	U+5206_02	2
훈	恨	U+6068_00	3
훈	魂	U+9B42_00	5
훈	昏	U+660F_00	8
훈	奮	U+596E_00	10
